SOC Code*,Occupational Title,Estimated Employment 2014**,Projected Employment 2024,Numeric Change 2014-2024,Percent Change 2014-2024,Annual Average Percent Change,New Jobs,Replace-ment Needs,Total Jobs,Median Hourly,Median Annual,Entry Level Education,Work Experience,On-the-Job Training
00-0000,"Total, All Occupations","17,135,000","19,720,500","2,585,500",15.1%,1.5%,"265,110","396,220","661,330",$19.49,"$40,543",,,
11-0000,Management Occupations,"1,161,100","1,345,300","184,200",15.9%,1.6%,"18,440","25,810","44,250",$54.33,"$113,008",,,
11-1000,Top Executives,"314,800","359,300","44,500",14.1%,1.4%,"4,450","7,600","12,050",N/A,N/A,,,
11-1011,Chief Executives,"43,000","45,500","2,500",5.8%,0.6%,250,730,980,N/A,N/A,3,?5 years,None
11-1021,General and Operations Managers,"268,700","310,700","42,000",15.6%,1.6%,"4,200","6,800","11,000",$51.47,"$107,073",3,?5 years,None
11-1031,Legislators,"3,100","3,100",0,0.0%,0.0%,0,70,70,[6],"$56,018",3,<5 years,None
11-2000,"Advertising, Marketing, Promotions, Public Relations, and Sales Managers","112,000","129,700","17,700",15.8%,1.6%,"1,770","2,760","4,520",N/A,N/A,,,
11-2011,Advertising and Promotions Managers,"4,100","4,700",600,14.6%,1.5%,70,130,200,$47.97,"$99,787",3,<5 years,None
11-2021,Marketing Managers,"33,300","40,600","7,300",21.9%,2.2%,720,790,"1,510",$75.28,"$156,572",3,?5 years,None
11-2022,Sales Managers,"67,700","76,400","8,700",12.9%,1.3%,870,"1,600","2,470",$55.05,"$114,492",3,<5 years,None
11-2031,Public Relations and Fundraising Managers,"6,900","8,000","1,100",15.9%,1.6%,110,240,350,$57.70,"$119,998",3,?5 years,None
11-3000,Operations Specialties Managers,"230,100","268,800","38,700",16.8%,1.7%,"3,870","4,830","8,700",N/A,N/A,,,
11-3011,Administrative Services Managers,"41,300","47,600","6,300",15.3%,1.5%,640,770,"1,410",$45.35,"$94,332",3,<5 years,None
11-3021,Computer and Information Systems Managers,"50,100","65,300","15,200",30.3%,3.0%,"1,530",590,"2,120",$75.68,"$157,401",3,?5 years,None
11-3031,Financial Managers,"74,800","84,500","9,700",13.0%,1.3%,970,"1,770","2,740",$63.73,"$132,575",3,?5 years,None
11-3051,Industrial Production Managers,"19,600","20,400",800,4.1%,0.4%,90,560,640,$47.68,"$99,163",3,?5 years,None
11-3061,Purchasing Managers,"8,600","9,500",900,10.5%,1.0%,90,200,290,$54.61,"$113,582",3,?5 years,None
11-3071,"Transportation, Storage, and Distribution Managers","15,100","17,200","2,100",13.9%,1.4%,210,330,540,$43.23,"$89,911",7,?5 years,None
11-3111,Compensation and Benefits Managers,"1,600","1,900",300,18.8%,1.9%,20,50,70,$63.43,"$131,930",3,?5 years,None
11-3121,Human Resources Managers,"15,800","18,600","2,800",17.7%,1.8%,280,460,740,$58.98,"$122,659",3,?5 years,None
11-3131,Training and Development Managers,"3,200","3,800",600,18.8%,1.9%,60,90,150,$58.24,"$121,134",3,?5 years,None
11-9000,Other Management Occupations,"504,200","587,500","83,300",16.5%,1.7%,"8,360","10,620","18,980",N/A,N/A,,,
11-9013,"Farmers, Ranchers, and Other Agricultural Managers","107,800","129,000","21,200",19.7%,2.0%,"2,120","1,840","3,960",$34.75,"$72,289",7,?5 years,None
11-9021,Construction Managers,"46,900","55,900","9,000",19.2%,1.9%,900,660,"1,550",$47.90,"$99,644",3,None,MT OJT
11-9031,"Education Administrators, Preschool and Childcare Center/Program","8,800","9,500",700,8.0%,0.8%,70,260,330,$25.37,"$52,764",3,<5 years,None
11-9032,"Education Administrators, Elementary and Secondary School","19,800","21,700","1,900",9.6%,1.0%,190,580,760,[6],"$113,449",2,?5 years,None
11-9033,"Education Administrators, Postsecondary","17,400","20,400","3,000",17.2%,1.7%,310,510,810,$50.69,"$105,436",2,<5 years,None
11-9039,"Education Administrators, All Other","4,800","5,600",800,16.7%,1.7%,90,140,230,$44.43,"$92,419",3,<5 years,None
11-9041,Architectural and Engineering Managers,"30,300","33,400","3,100",10.2%,1.0%,310,930,"1,240",$76.58,"$159,284",3,?5 years,None
11-9051,Food Service Managers,"52,800","65,700","12,900",24.4%,2.4%,"1,290","1,060","2,350",$22.52,"$46,849",7,<5 years,None
11-9061,Funeral Service Managers,"1,900","2,000",100,5.3%,0.5%,10,40,50,$29.32,"$60,992",4,<5 years,None
11-9081,Lodging Managers,"6,700","7,200",500,7.5%,0.7%,50,130,180,$26.48,"$55,097",7,<5 years,None
11-9111,Medical and Health Services Managers,"31,000","37,200","6,200",20.0%,2.0%,620,780,"1,400",$57.89,"$120,407",3,<5 years,None
11-9121,Natural Sciences Managers,"8,700","10,500","1,800",20.7%,2.1%,180,180,360,$70.86,"$147,373",3,?5 years,None
11-9141,"Property, Real Estate, and Community Association Managers","48,500","54,700","6,200",12.8%,1.3%,620,840,"1,460",$29.61,"$61,585",7,<5 years,None
11-9151,Social and Community Service Managers,"16,100","19,000","2,900",18.0%,1.8%,290,430,720,$32.97,"$68,585",3,?5 years,None
11-9199,"Managers, All Other","100,500","113,600","13,100",13.0%,1.3%,"1,310","2,220","3,530",$60.06,"$124,930",3,<5 years,None
13-0000,Business and Financial Operations Occupations,"939,900","1,103,800","163,900",17.4%,1.7%,"16,470","18,650","35,130",$35.92,"$74,715",,,
13-1000,Business Operations Specialists,"613,800","725,600","111,800",18.2%,1.8%,"11,200","10,760","21,960",N/A,N/A,,,
13-1011,"Agents and Business Managers of Artists, Performers, and Athletes","7,500","9,900","2,400",32.0%,3.2%,230,240,480,$36.45,"$75,820",3,<5 years,None
13-1021,"Buyers and Purchasing Agents, Farm Products","1,800","2,100",300,16.7%,1.7%,30,40,60,$31.02,"$64,522",3,None,LT OJT
13-1022,"Wholesale and Retail Buyers, Except Farm Products","19,300","21,700","2,400",12.4%,1.2%,240,610,850,$25.76,"$53,572",3,None,LT OJT
13-1023,"Purchasing Agents, Except Wholesale, Retail, and Farm Products","33,700","36,800","3,100",9.2%,0.9%,310,930,"1,240",$33.41,"$69,506",3,None,LT OJT
13-1031,"Claims Adjusters, Examiners, and Investigators","28,900","30,400","1,500",5.2%,0.5%,150,720,870,$33.91,"$70,550",7,None,LT OJT
13-1032,"Insurance Appraisers, Auto Damage","1,800","1,500",-300,-16.7%,-1.7%,0,40,40,$32.06,"$66,681",5,None,MT OJT
13-1041,Compliance Officers,"32,500","35,800","3,300",10.2%,1.0%,330,460,790,$37.35,"$77,693",3,None,MT OJT
13-1051,Cost Estimators,"25,600","31,700","6,100",23.8%,2.4%,620,730,"1,340",$31.97,"$66,497",3,None,None
13-1071,Human Resources Specialists,"54,400","62,100","7,700",14.2%,1.4%,770,"1,330","2,090",$33.20,"$69,045",3,None,None
13-1075,Labor Relations Specialists,"8,800","8,700",-100,-1.1%,-0.1%,0,220,220,$39.84,"$82,871",3,<5 years,None
13-1081,Logisticians,"15,300","17,800","2,500",16.3%,1.6%,250,210,460,$41.09,"$85,460",3,None,None
13-1111,Management Analysts,"119,000","146,900","27,900",23.4%,2.3%,"2,790","1,650","4,440",$41.18,"$85,644",3,<5 years,None
13-1121,"Meeting, Convention, and Event Planners","12,400","14,500","2,100",16.9%,1.7%,210,150,360,$25.12,"$52,262",3,None,None
13-1131,Fundraisers,"6,800","7,800","1,000",14.7%,1.5%,100,100,190,$28.95,"$60,214",3,None,None
13-1141,"Compensation, Benefits, and Job Analysis Specialists","10,500","11,900","1,400",13.3%,1.3%,130,260,390,$33.40,"$69,475",3,<5 years,None
13-1151,Training and Development Specialists,"23,100","27,600","4,500",19.5%,1.9%,450,560,"1,010",$33.39,"$69,455",3,<5 years,None
13-1161,Market Research Analysts and Marketing Specialists,"81,100","107,300","26,200",32.3%,3.2%,"2,620",970,"3,580",$35.32,"$73,446",3,None,None
13-1199,"Business Operations Specialists, All Other","130,900","150,700","19,800",15.1%,1.5%,"1,980","1,560","3,540",$36.65,"$76,229",3,None,None
13-2000,Financial Specialists,"326,100","378,200","52,100",16.0%,1.6%,"5,270","7,890","13,170",N/A,N/A,,,
13-2011,Accountants and Auditors,"156,400","184,400","28,000",17.9%,1.8%,"2,800","4,170","6,970",$35.94,"$74,745",3,None,None
13-2021,Appraisers and Assessors of Real Estate,"5,600","6,000",400,7.1%,0.7%,40,90,130,$37.59,"$78,194",3,None,LT OJT
13-2031,Budget Analysts,"7,500","8,200",700,9.3%,0.9%,70,190,260,$39.47,"$82,103",3,None,None
13-2041,Credit Analysts,"7,400","8,400","1,000",13.5%,1.4%,100,320,420,$36.96,"$76,884",3,None,None
13-2051,Financial Analysts,"34,000","40,700","6,700",19.7%,2.0%,670,700,"1,370",$46.53,"$96,788",3,None,None
13-2052,Personal Financial Advisors,"28,500","35,300","6,800",23.9%,2.4%,680,720,"1,390",$47.81,"$99,439",3,None,LT OJT
13-2053,Insurance Underwriters,"6,600","6,100",-500,-7.6%,-0.8%,0,120,120,$32.27,"$67,111",3,None,MT OJT
13-2061,Financial Examiners,"4,300","4,900",600,14.0%,1.4%,60,110,170,$43.66,"$90,802",3,None,MT OJT
13-2071,Credit Counselors,"4,300","5,300","1,000",23.3%,2.3%,100,70,170,$24.01,"$49,929",3,None,MT OJT
13-2072,Loan Officers,"35,300","41,000","5,700",16.1%,1.6%,570,590,"1,160",$36.18,"$75,247",3,None,MT OJT
13-2081,"Tax Examiners and Collectors, and Revenue Agents","8,500","8,500",0,0.0%,0.0%,0,350,350,$28.04,"$58,331",3,None,MT OJT
13-2082,Tax Preparers,"12,700","13,400",700,5.5%,0.6%,70,320,390,$24.42,"$50,789",7,None,MT OJT
13-2099,"Financial Specialists, All Other","14,800","16,100","1,300",8.8%,0.9%,130,150,280,$33.17,"$68,984",3,None,MT OJT
15-0000,Computer and Mathematical Occupations,"551,900","714,900","163,000",29.5%,3.0%,"16,300","8,070","24,370",$48.21,"$100,272",,,
15-1100,Computer Occupations,"532,800","687,800","155,000",29.1%,2.9%,"15,500","7,720","23,220",N/A,N/A,,,
15-1111,Computer and Information Research Scientists,"5,400","6,700","1,300",24.1%,2.4%,140,70,210,$57.58,"$119,771",1,None,None
15-1121,Computer Systems Analysts,"75,500","102,200","26,700",35.4%,3.5%,"2,670",970,"3,640",$46.17,"$96,042",3,None,None
15-1122,Information Security Analysts,"8,000","10,100","2,100",26.3%,2.6%,210,100,320,$52.30,"$108,784",3,<5 years,None
15-1131,Computer Programmers,"39,700","40,600",900,2.3%,0.2%,90,980,"1,070",$43.58,"$90,655",3,None,None
15-1132,"Software Developers, Applications","121,200","172,700","51,500",42.5%,4.2%,"5,140","1,730","6,880",$58.40,"$121,475",3,None,None
15-1133,"Software Developers, Systems Software","82,500","103,600","21,100",25.6%,2.6%,"2,110","1,180","3,290",$60.56,"$125,949",3,None,None
15-1134,Web Developers,"24,200","35,900","11,700",48.3%,4.8%,"1,170",310,"1,480",$37.29,"$77,568",4,None,None
15-1141,Database Administrators,"12,100","15,000","2,900",24.0%,2.4%,300,260,560,$45.88,"$95,413",3,<5 years,None
15-1142,Network and Computer Systems Administrators,"43,100","52,000","8,900",20.6%,2.1%,900,550,"1,450",$43.33,"$90,117",3,None,None
15-1143,Computer Network Architects,"14,200","17,900","3,700",26.1%,2.6%,360,180,550,$61.65,"$128,242",3,?5 years,None
15-1151,Computer User Support Specialists,"62,200","77,500","15,300",24.6%,2.5%,"1,530",800,"2,330",$28.15,"$58,557",6,None,None
15-1152,Computer Network Support Specialists,"19,700","23,600","3,900",19.8%,2.0%,390,250,640,$36.38,"$75,681",4,None,None
15-1199,"Computer Occupations, All Other","25,000","30,000","5,000",20.0%,2.0%,490,320,820,$44.69,"$92,958",3,None,None
15-2000,Mathematical Science Occupations,"19,100","27,000","7,900",41.4%,4.1%,800,360,"1,150",N/A,N/A,,,
15-2011,Actuaries,"1,500","1,900",400,26.7%,2.7%,40,40,90,$49.00,"$101,926",3,None,LT OJT
15-2031,Operations Research Analysts,"12,500","17,800","5,300",42.4%,4.2%,540,220,760,$44.03,"$91,568",3,None,None
15-2041,Statisticians,"4,000","5,800","1,800",45.0%,4.5%,180,70,250,$40.12,"$83,462",2,None,None
17-0000,Architecture and Engineering Occupations,"339,600","376,900","37,300",11.0%,1.1%,"3,760","8,170","11,930",$45.20,"$94,003",,,
17-1000,"Architects, Surveyors, and Cartographers","25,700","28,300","2,600",10.1%,1.0%,260,510,770,N/A,N/A,,,
17-1011,"Architects, Except Landscape and Naval","15,400","16,900","1,500",9.7%,1.0%,150,250,400,$42.93,"$89,306",3,None,I/R
17-1012,Landscape Architects,"4,200","4,500",300,7.1%,0.7%,30,70,100,$35.18,"$73,186",3,None,I/R
17-1021,Cartographers and Photogrammetrists,"1,800","2,600",800,44.4%,4.4%,80,60,130,$34.97,"$72,729",3,None,None
17-1022,Surveyors,"4,300","4,400",100,2.3%,0.2%,0,140,140,$41.10,"$85,491",3,<5 years,None
17-2000,Engineers,"230,200","259,800","29,600",12.9%,1.3%,"2,960","5,970","8,930",N/A,N/A,,,
17-2011,Aerospace Engineers,"13,400","14,300",900,6.7%,0.7%,90,380,470,$55.96,"$116,393",3,None,None
17-2031,Biomedical Engineers,"5,600","7,900","2,300",41.1%,4.1%,230,150,380,$47.67,"$99,157",3,None,None
17-2041,Chemical Engineers,"2,400","2,800",400,16.7%,1.7%,50,70,110,$49.02,"$101,957",3,None,None
17-2051,Civil Engineers,"41,000","46,000","5,000",12.2%,1.2%,500,"1,210","1,710",$48.64,"$101,175",3,None,None
17-2061,Computer Hardware Engineers,"26,700","32,600","5,900",22.1%,2.2%,600,550,"1,140",$63.40,"$131,874",3,None,None
17-2071,Electrical Engineers,"24,300","26,800","2,500",10.3%,1.0%,250,540,790,$55.68,"$115,804",3,None,None
17-2072,"Electronics Engineers, Except Computer","31,700","33,600","1,900",6.0%,0.6%,190,700,890,$54.38,"$113,106",3,None,None
17-2081,Environmental Engineers,"7,100","8,600","1,500",21.1%,2.1%,150,200,350,$49.29,"$102,525",3,None,None
17-2111,"Health and Safety Engineers, Except Mining Safety Engineers and Inspectors","2,900","3,300",400,13.8%,1.4%,40,90,130,$50.46,"$104,970",3,None,None
17-2112,Industrial Engineers,"24,700","27,200","2,500",10.1%,1.0%,260,720,980,$48.06,"$99,968",3,None,None
17-2131,Materials Engineers,"3,100","3,400",300,9.7%,1.0%,30,110,140,$53.83,"$111,959",3,None,None
17-2141,Mechanical Engineers,"24,100","27,000","2,900",12.0%,1.2%,290,760,"1,050",$46.56,"$96,833",3,None,None
17-2171,Petroleum Engineers,"2,500","2,500",0,0.0%,0.0%,0,70,70,$59.18,"$123,078",3,None,None
17-2199,"Engineers, All Other","18,500","21,100","2,600",14.1%,1.4%,260,370,630,$52.92,"$110,072",3,None,None
17-3000,"Drafters, Engineering Technicians, and Mapping Technicians","83,700","88,800","5,100",6.1%,0.6%,540,"1,690","2,230",N/A,N/A,,,
17-3011,Architectural and Civil Drafters,"13,900","14,100",200,1.4%,0.1%,20,170,180,$27.61,"$57,451",4,None,None
17-3012,Electrical and Electronics Drafters,"5,900","6,600",700,11.9%,1.2%,80,70,150,$28.88,"$60,078",4,None,None
17-3013,Mechanical Drafters,"3,900","3,800",-100,-2.6%,-0.3%,0,50,50,$27.54,"$57,299",4,None,None
17-3019,"Drafters, All Other","1,300","1,400",100,7.7%,0.8%,10,20,20,$26.56,"$55,249",4,None,None
17-3021,Aerospace Engineering and Operations Technicians,"2,100","2,300",200,9.5%,1.0%,20,50,70,$35.51,"$73,865",4,None,None
17-3022,Civil Engineering Technicians,"8,400","9,100",700,8.3%,0.8%,70,210,280,$31.70,"$65,932",4,None,None
17-3023,Electrical and Electronics Engineering Technicians,"22,900","24,400","1,500",6.6%,0.7%,150,560,710,$31.80,"$66,165",4,None,None
17-3024,Electro-Mechanical Technicians,"1,900","2,000",100,5.3%,0.5%,10,50,50,$25.27,"$52,571",4,None,None
17-3025,Environmental Engineering Technicians,"2,000","2,400",400,20.0%,2.0%,50,50,90,$29.14,"$60,596",4,None,None
17-3026,Industrial Engineering Technicians,"4,100","4,400",300,7.3%,0.7%,30,100,130,$28.36,"$58,972",4,None,None
17-3027,Mechanical Engineering Technicians,"4,500","4,700",200,4.4%,0.4%,30,110,140,$29.85,"$62,077",4,None,None
17-3029,"Engineering Technicians, Except Drafters, All Other","9,200","10,200","1,000",10.9%,1.1%,100,230,320,$33.01,"$68,671",4,None,None
17-3031,Surveying and Mapping Technicians,"3,400","3,300",-100,-2.9%,-0.3%,0,40,40,$30.26,"$62,949",7,None,MT OJT
19-0000,"Life, Physical, and Social Science Occupations","195,700","233,200","37,500",19.2%,1.9%,"3,740","5,510","9,250",$36.26,"$75,407",,,
19-1000,Life Scientists,"54,000","65,000","11,000",20.4%,2.0%,"1,100","1,630","2,730",N/A,N/A,,,
19-1012,Food Scientists and Technologists,"2,400","2,800",400,16.7%,1.7%,40,80,130,$33.94,"$70,599",3,None,None
19-1013,Soil and Plant Scientists,"2,200","2,800",600,27.3%,2.7%,60,80,140,$32.62,"$67,839",3,None,None
19-1021,Biochemists and Biophysicists,"5,400","6,800","1,400",25.9%,2.6%,150,140,290,$48.60,"$101,104",1,None,None
19-1022,Microbiologists,"5,100","6,100","1,000",19.6%,2.0%,100,140,240,$41.24,"$85,775",3,None,None
19-1023,Zoologists and Wildlife Biologists,"2,500","3,100",600,24.0%,2.4%,60,70,130,$29.79,"$61,945",3,None,None
19-1029,"Biological Scientists, All Other","7,900","9,100","1,200",15.2%,1.5%,130,210,340,$39.96,"$83,117",3,None,None
19-1031,Conservation Scientists,"1,200","1,400",200,16.7%,1.7%,20,50,70,$36.18,"$75,245",3,None,None
19-1032,Foresters,"1,100","1,500",400,36.4%,3.6%,40,50,90,$35.84,"$74,555",3,None,None
19-1042,"Medical Scientists, Except Epidemiologists","23,400","28,000","4,600",19.7%,2.0%,460,730,"1,190",$50.71,"$105,497",1,None,None
19-1099,"Life Scientists, All Other","2,000","2,300",300,15.0%,1.5%,40,60,100,$43.57,"$90,635",3,None,None
19-2000,Physical Scientists,"42,000","50,600","8,600",20.5%,2.0%,860,"1,060","1,920",N/A,N/A,,,
19-2012,Physicists,"2,400","2,900",500,20.8%,2.1%,50,50,100,$52.92,"$110,072",1,None,None
19-2031,Chemists,"12,400","14,200","1,800",14.5%,1.5%,190,270,460,$37.41,"$77,822",3,None,None
19-2032,Materials Scientists,"1,200","1,500",300,25.0%,2.5%,30,30,50,$47.77,"$99,359",3,None,None
19-2041,"Environmental Scientists and Specialists, Including Health","15,800","19,800","4,000",25.3%,2.5%,390,490,880,$38.79,"$80,683",3,None,None
19-2042,"Geoscientists, Except Hydrologists and Geographers","5,000","6,100","1,100",22.0%,2.2%,110,160,260,$45.53,"$94,693",3,None,None
19-2099,"Physical Scientists, All Other","3,100","3,700",600,19.4%,1.9%,50,30,80,$50.80,"$105,649",3,None,None
19-3000,Social Scientists and Related Workers,"47,500","56,800","9,300",19.6%,2.0%,930,920,"1,850",N/A,N/A,,,
19-3011,Economists,"2,300","3,000",700,30.4%,3.0%,70,60,130,$51.42,"$106,958",2,None,None
19-3022,Survey Researchers,"1,800","2,200",400,22.2%,2.2%,40,20,60,$27.79,"$57,796",2,None,None
19-3031,"Clinical, Counseling, and School Psychologists","27,100","32,900","5,800",21.4%,2.1%,580,580,"1,160",$42.45,"$88,291",1,None,I/R
19-3039,"Psychologists, All Other","2,000","2,300",300,15.0%,1.5%,30,40,80,$51.39,"$106,897",2,None,I/R
19-3051,Urban and Regional Planners,"7,000","7,800",800,11.4%,1.1%,80,130,210,$38.43,"$79,922",2,None,None
19-3091,Anthropologists and Archeologists,"1,900","2,400",500,26.3%,2.6%,50,20,70,$30.32,"$63,081",2,None,None
19-3099,"Social Scientists and Related Workers, All Other","3,900","4,400",500,12.8%,1.3%,50,50,100,$34.74,"$72,242",3,None,None
19-4000,"Life, Physical, and Social Science Technicians","52,300","60,800","8,500",16.3%,1.6%,850,"1,890","2,740",N/A,N/A,,,
19-4011,Agricultural and Food Science Technicians,"4,300","5,100",800,18.6%,1.9%,80,140,220,$18.53,"$38,561",4,None,MT OJT
19-4021,Biological Technicians,"12,800","15,200","2,400",18.8%,1.9%,240,360,590,$24.18,"$50,288",3,None,None
19-4031,Chemical Technicians,"6,000","6,800",800,13.3%,1.3%,80,180,260,$21.48,"$44,668",4,None,MT OJT
19-4041,Geological and Petroleum Technicians,"1,400","1,500",100,7.1%,0.7%,20,50,70,$31.04,"$64,562",4,None,MT OJT
19-4061,Social Science Research Assistants,"3,400","4,100",700,20.6%,2.1%,70,140,220,$24.82,"$51,638",3,None,None
19-4091,"Environmental Science and Protection Technicians, Including Health","4,400","5,500","1,100",25.0%,2.5%,110,190,290,$22.21,"$46,190",4,None,None
19-4092,Forensic Science Technicians,"2,200","2,900",700,31.8%,3.2%,60,90,160,$37.65,"$78,319",3,None,MT OJT
19-4093,Forest and Conservation Technicians,"7,400","7,600",200,2.7%,0.3%,20,310,330,$16.68,"$34,686",4,None,None
19-4099,"Life, Physical, and Social Science Technicians, All Other","10,100","11,800","1,700",16.8%,1.7%,170,420,590,$23.12,"$48,077",4,None,None
21-0000,Community and Social Service Occupations,"255,100","294,800","39,700",15.6%,1.6%,"3,970","5,500","9,470",$23.13,"$48,117",,,
21-1000,"Counselors, Social Workers, and Other Community and Social Service Specialists","230,300","268,700","38,400",16.7%,1.7%,"3,830","4,930","8,760",N/A,N/A,,,
21-1011,Substance Abuse and Behavioral Disorder Counselors,"9,400","11,100","1,700",18.1%,1.8%,170,200,370,$18.10,"$37,638",3,None,None
21-1012,"Educational, Guidance, School, and Vocational Counselors","30,600","35,400","4,800",15.7%,1.6%,480,640,"1,120",$29.03,"$60,393",2,None,None
21-1013,Marriage and Family Therapists,"9,100","11,100","2,000",22.0%,2.2%,200,190,390,$24.13,"$50,197",2,None,I/R
21-1014,Mental Health Counselors,"13,700","16,000","2,300",16.8%,1.7%,230,290,520,$20.35,"$42,335",2,None,I/R
21-1015,Rehabilitation Counselors,"12,900","15,000","2,100",16.3%,1.6%,220,270,490,$15.00,"$31,206",2,None,None
21-1019,"Counselors, All Other","3,200","3,700",500,15.6%,1.6%,50,70,120,$19.23,"$40,022",2,None,None
21-1021,"Child, Family, and School Social Workers","31,100","35,600","4,500",14.5%,1.4%,450,750,"1,200",$23.13,"$48,117",3,None,None
21-1022,Healthcare Social Workers,"14,300","17,600","3,300",23.1%,2.3%,330,340,670,$33.00,"$68,651",2,None,None
21-1023,Mental Health and Substance Abuse Social Workers,"13,300","15,500","2,200",16.5%,1.7%,220,320,540,$23.11,"$48,067",3,None,None
21-1029,"Social Workers, All Other","10,800","11,700",900,8.3%,0.8%,90,260,350,$31.39,"$65,293",3,None,None
21-1091,Health Educators,"7,200","8,600","1,400",19.4%,1.9%,150,140,290,$26.42,"$54,935",3,None,None
21-1092,Probation Officers and Correctional Treatment Specialists,"10,900","11,800",900,8.3%,0.8%,90,210,300,$41.15,"$85,593",3,None,ST OJT
21-1093,Social and Human Service Assistants,"47,200","56,500","9,300",19.7%,2.0%,930,930,"1,850",$17.59,"$36,593",7,None,ST OJT
21-1094,Community Health Workers,"6,000","7,100","1,100",18.3%,1.8%,110,120,230,$19.14,"$39,819",7,None,ST OJT
21-1099,"Community and Social Service Specialists, All Other","10,800","12,000","1,200",11.1%,1.1%,130,210,340,$23.75,"$49,406",2,None,None
21-2000,Religious Workers,"24,800","26,100","1,300",5.2%,0.5%,140,570,710,N/A,N/A,,,
21-2011,Clergy,"12,500","13,300",800,6.4%,0.6%,80,270,350,$25.64,"$53,312",3,None,MT OJT
21-2021,"Directors, Religious Activities and Education","8,800","9,300",500,5.7%,0.6%,40,240,280,$20.80,"$43,248",3,<5 years,None
21-2099,"Religious Workers, All Other","3,400","3,600",200,5.9%,0.6%,20,60,80,$21.05,"$43,796",3,None,None
23-0000,Legal Occupations,"142,400","157,900","15,500",10.9%,1.1%,"1,560","2,420","3,980",$49.58,"$103,113",,,
23-1000,"Lawyers, Judges, and Related Workers","97,300","108,300","11,000",11.3%,1.1%,"1,100","1,430","2,530",N/A,N/A,,,
23-1011,Lawyers,"91,900","102,700","10,800",11.8%,1.2%,"1,080","1,340","2,420",$71.24,"$148,167",1,None,None
23-1021,"Administrative Law Judges, Adjudicators, and Hearing Officers","1,600","1,700",100,6.3%,0.6%,0,20,30,$58.59,"$121,861",1,?5 years,ST OJT
23-1022,"Arbitrators, Mediators, and Conciliators","1,200","1,400",200,16.7%,1.7%,10,20,30,$33.73,"$70,162",3,<5 years,MT OJT
23-2000,Legal Support Workers,"45,000","49,600","4,600",10.2%,1.0%,460,990,"1,450",N/A,N/A,,,
23-2011,Paralegals and Legal Assistants,"29,500","33,400","3,900",13.2%,1.3%,390,650,"1,040",$27.61,"$57,441",4,None,None
23-2093,"Title Examiners, Abstractors, and Searchers","7,600","7,700",100,1.3%,0.1%,10,170,180,$25.74,"$53,525",7,None,ST OJT
23-2099,"Legal Support Workers, All Other","6,700","7,200",500,7.5%,0.7%,50,150,200,$25.37,"$52,764",7,None,ST OJT
25-0000,"Education, Training, and Library Occupations","1,007,800","1,137,100","129,300",12.8%,1.3%,"12,930","21,220","34,150",$25.83,"$53,728",,,
25-1000,Postsecondary Teachers,"186,900","222,800","35,900",19.2%,1.9%,"3,590","3,310","6,900",N/A,N/A,,,
25-1011,"Business Teachers, Postsecondary","6,400","7,300",900,14.1%,1.4%,100,110,210,[6],"$89,214",1,None,None
25-1021,"Computer Science Teachers, Postsecondary","2,700","3,100",400,14.8%,1.5%,40,50,90,[6],"$92,714",1,None,None
25-1022,"Mathematical Science Teachers, Postsecondary","5,400","6,500","1,100",20.4%,2.0%,110,100,210,[6],"$89,712",1,None,None
25-1032,"Engineering Teachers, Postsecondary","2,500","3,100",600,24.0%,2.4%,50,50,100,[6],"$110,235",1,None,None
25-1042,"Biological Science Teachers, Postsecondary","4,700","5,800","1,100",23.4%,2.3%,110,80,190,[6],"$95,758",1,None,None
25-1051,"Atmospheric, Earth, Marine, and Space Sciences Teachers, Postsecondary","1,800","2,100",300,16.7%,1.7%,30,30,60,[6],"$90,848",1,None,None
25-1052,"Chemistry Teachers, Postsecondary","1,800","2,200",400,22.2%,2.2%,40,30,70,[6],"$108,804",1,None,None
25-1054,"Physics Teachers, Postsecondary","1,300","1,600",300,23.1%,2.3%,30,20,50,[6],"$96,529",1,None,None
25-1063,"Economics Teachers, Postsecondary","1,000","1,200",200,20.0%,2.0%,20,20,40,[6],"$109,251",1,None,None
25-1065,"Political Science Teachers, Postsecondary","1,400","1,600",200,14.3%,1.4%,20,20,50,[6],"$98,020",1,None,None
25-1066,"Psychology Teachers, Postsecondary","5,100","6,300","1,200",23.5%,2.4%,120,90,210,[6],"$82,052",1,None,None
25-1067,"Sociology Teachers, Postsecondary","1,100","1,300",200,18.2%,1.8%,20,20,40,[6],"$86,536",1,None,None
25-1069,"Social Sciences Teachers, Postsecondary, All Other","1,900","2,300",400,21.1%,2.1%,40,30,80,[6],"$85,187",1,None,None
25-1071,"Health Specialties Teachers, Postsecondary","14,800","19,000","4,200",28.4%,2.8%,420,260,680,[6],"$100,749",1,<5 years,None
25-1072,"Nursing Instructors and Teachers, Postsecondary","4,700","5,900","1,200",25.5%,2.6%,120,80,210,[6],"$88,748",2,<5 years,None
25-1081,"Education Teachers, Postsecondary","4,200","4,900",700,16.7%,1.7%,70,70,150,[6],"$73,064",1,<5 years,None
25-1111,"Criminal Justice and Law Enforcement Teachers, Postsecondary","1,100","1,300",200,18.2%,1.8%,30,20,50,[6],"$83,117",1,None,None
25-1112,"Law Teachers, Postsecondary","1,400","1,800",400,28.6%,2.9%,40,20,70,[6],"$107,120",1,None,None
25-1121,"Art, Drama, and Music Teachers, Postsecondary","16,300","19,500","3,200",19.6%,2.0%,310,290,600,[6],"$81,758",2,None,None
25-1122,"Communications Teachers, Postsecondary","3,200","3,700",500,15.6%,1.6%,50,60,110,[6],"$84,528",1,None,None
25-1123,"English Language and Literature Teachers, Postsecondary","7,800","9,100","1,300",16.7%,1.7%,130,140,270,[6],"$84,193",1,None,None
25-1124,"Foreign Language and Literature Teachers, Postsecondary","3,700","4,400",700,18.9%,1.9%,70,70,140,[6],"$77,588",1,None,None
25-1125,"History Teachers, Postsecondary","1,800","2,100",300,16.7%,1.7%,30,30,60,[6],"$89,630",1,None,None
25-1126,"Philosophy and Religion Teachers, Postsecondary","2,200","2,600",400,18.2%,1.8%,40,40,80,[6],"$87,216",1,None,None
25-1191,Graduate Teaching Assistants,"20,100","23,200","3,100",15.4%,1.5%,310,360,670,[6],"$31,267",3,None,None
25-1193,"Recreation and Fitness Studies Teachers, Postsecondary","2,600","3,000",400,15.4%,1.5%,40,50,80,[6],"$85,299",1,None,None
25-1194,"Vocational Education Teachers, Postsecondary","13,900","16,500","2,600",18.7%,1.9%,260,250,510,$28.66,"$59,612",3,<5 years,None
25-2000,"Preschool, Primary, Secondary, and Special Education School Teachers","400,400","437,700","37,300",9.3%,0.9%,"3,730","9,410","13,140",N/A,N/A,,,
25-2011,"Preschool Teachers, Except Special Education","54,200","58,300","4,100",7.6%,0.8%,420,"1,590","2,000",$15.47,"$32,180",4,None,None
25-2012,"Kindergarten Teachers, Except Special Education","18,500","20,300","1,800",9.7%,1.0%,180,540,720,[6],"$64,867",3,None,I/R
25-2021,"Elementary School Teachers, Except Special Education","139,000","152,200","13,200",9.5%,0.9%,"1,330","3,070","4,400",[6],"$73,967",3,None,I/R
25-2022,"Middle School Teachers, Except Special and Career/Technical Education","49,700","54,400","4,700",9.5%,0.9%,480,"1,100","1,580",[6],"$70,152",3,None,I/R
25-2031,"Secondary School Teachers, Except Special and Career/Technical Education","97,200","106,500","9,300",9.6%,1.0%,930,"2,310","3,240",[6],"$75,843",3,None,I/R
25-2032,"Career/Technical Education Teachers, Secondary School","2,900","3,100",200,6.9%,0.7%,10,70,80,[6],"$72,557",3,<5 years,I/R
25-2051,"Special Education Teachers, Preschool","2,100","2,300",200,9.5%,1.0%,20,40,60,[6],"$71,694",3,None,I/R
25-2052,"Special Education Teachers, Kindergarten and Elementary School","16,400","18,000","1,600",9.8%,1.0%,160,310,470,[6],"$69,939",3,None,I/R
25-2053,"Special Education Teachers, Middle School","6,400","7,000",600,9.4%,0.9%,60,120,180,[6],"$67,484",3,None,I/R
25-2054,"Special Education Teachers, Secondary School","8,900","9,700",800,9.0%,0.9%,80,170,250,[6],"$75,499",3,None,I/R
25-2059,"Special Education Teachers, All Other","4,800","5,400",600,12.5%,1.3%,60,90,150,[6],"$63,213",3,None,I/R
25-3000,Other Teachers and Instructors,"201,300","232,700","31,400",15.6%,1.6%,"3,140","3,790","6,940",N/A,N/A,,,
25-3011,Adult Basic and Secondary Education and Literacy Teachers and Instructors,"9,800","11,100","1,300",13.3%,1.3%,130,190,320,$33.46,"$69,584",3,None,I/R
25-3021,Self-Enrichment Education Teachers,"35,300","44,700","9,400",26.6%,2.7%,940,670,"1,600",$18.28,"$38,033",7,<5 years,None
25-3097,"Teachers and Instructors, All Other, Except Substitute Teachers","52,900","63,700","10,800",20.4%,2.0%,"1,080","1,000","2,080",[6],"$43,146",3,None,I/R
25-3098,Substitute Teachers,"103,300","113,200","9,900",9.6%,1.0%,990,"1,950","2,940",$18.44,"$38,368",3,None,I/R
25-4000,"Librarians, Curators, and Archivists","23,000","25,600","2,600",11.3%,1.1%,260,760,"1,020",N/A,N/A,,,
25-4012,Curators,"1,200","1,400",200,16.7%,1.7%,20,40,60,$31.60,"$65,719",2,None,None
25-4013,Museum Technicians and Conservators,"1,500","1,800",300,20.0%,2.0%,30,50,80,$21.81,"$45,378",3,None,None
25-4021,Librarians,"9,900","10,900","1,000",10.1%,1.0%,100,190,290,$34.61,"$71,988",2,None,None
25-4031,Library Technicians,"9,900","10,700",800,8.1%,0.8%,90,470,560,$20.42,"$42,477",5,None,None
25-9000,"Other Education, Training, and Library Occupations","196,200","218,300","22,100",11.3%,1.1%,"2,210","3,960","6,160",N/A,N/A,,,
25-9011,Audio-Visual and Multimedia Collections Specialists,"2,000","2,200",200,10.0%,1.0%,20,20,40,$20.52,"$42,690",3,<5 years,None
25-9031,Instructional Coordinators,"19,800","22,900","3,100",15.7%,1.6%,310,190,500,$36.14,"$75,154",2,?5 years,None
25-9041,Teacher Assistants,"143,900","159,000","15,100",10.5%,1.0%,"1,500","3,450","4,950",[6],"$31,064",6,None,None
25-9099,"Education, Training, and Library Workers, All Other","30,500","34,200","3,700",12.1%,1.2%,370,290,670,$16.52,"$34,351",3,None,None
27-0000,"Arts, Design, Entertainment, Sports, and Media Occupations","412,100","461,700","49,600",12.0%,1.2%,"4,990","9,810","14,800",$27.30,"$56,771",,,
27-1000,Art and Design Workers,"126,000","140,000","14,000",11.1%,1.1%,"1,400","2,770","4,170",N/A,N/A,,,
27-1011,Art Directors,"13,700","15,000","1,300",9.5%,0.9%,130,260,380,$53.85,"$112,010",3,?5 years,None
27-1013,"Fine Artists, Including Painters, Sculptors, and Illustrators","6,700","7,500",800,11.9%,1.2%,70,130,200,$29.81,"$61,986",3,None,LT OJT
27-1014,Multimedia Artists and Animators,"21,800","25,100","3,300",15.1%,1.5%,330,410,740,$39.21,"$81,565",3,None,MT OJT
27-1021,Commercial and Industrial Designers,"5,300","5,600",300,5.7%,0.6%,30,130,160,$33.85,"$70,426",3,None,None
27-1022,Fashion Designers,"8,000","9,100","1,100",13.8%,1.4%,110,190,300,$31.73,"$66,003",3,None,None
27-1023,Floral Designers,"4,300","4,800",500,11.6%,1.2%,50,100,150,$14.50,"$30,161",7,None,MT OJT
27-1024,Graphic Designers,"37,000","41,500","4,500",12.2%,1.2%,460,880,"1,340",$26.38,"$54,854",3,None,None
27-1025,Interior Designers,"8,600","9,000",400,4.7%,0.5%,40,210,250,$27.12,"$56,406",3,None,None
27-1026,Merchandise Displayers and Window Trimmers,"13,000","14,000","1,000",7.7%,0.8%,110,310,410,$13.49,"$28,061",7,None,MT OJT
27-1027,Set and Exhibit Designers,"3,700","4,100",400,10.8%,1.1%,40,90,130,$23.97,"$49,852",3,None,None
27-1029,"Designers, All Other","1,900","2,200",300,15.8%,1.6%,20,50,70,$32.91,"$68,458",3,None,None
27-2000,"Entertainers and Performers, Sports and Related Workers","117,500","131,600","14,100",12.0%,1.2%,"1,410","3,910","5,320",N/A,N/A,,,
27-2012,Producers and Directors,"32,000","36,800","4,800",15.0%,1.5%,480,"1,030","1,510",$43.85,"$91,203",3,<5 years,None
27-2022,Coaches and Scouts,"33,000","38,600","5,600",17.0%,1.7%,560,"1,120","1,680",[6],"$34,686",3,None,None
27-2023,"Umpires, Referees, and Other Sports Officials","1,900","2,200",300,15.8%,1.6%,20,70,90,[6],"$26,357",7,None,MT OJT
27-2031,Dancers,"1,700","1,900",200,11.8%,1.2%,20,60,70,$14.45,N/A,8,None,LT OJT
27-2041,Music Directors and Composers,"5,700","5,900",200,3.5%,0.4%,20,170,190,$27.15,"$56,477",3,<5 years,None
27-2042,Musicians and Singers,"16,300","17,100",800,4.9%,0.5%,80,470,550,$30.77,N/A,8,None,LT OJT
27-2099,"Entertainers and Performers, Sports and Related Workers, All Other","4,500","4,900",400,8.9%,0.9%,40,140,180,$18.33,N/A,8,None,ST OJT
27-3000,Media and Communication Workers,"98,300","112,800","14,500",14.8%,1.5%,"1,470","1,930","3,400",N/A,N/A,,,
27-3011,Radio and Television Announcers,"4,200","4,100",-100,-2.4%,-0.2%,0,120,120,$20.58,"$42,812",3,None,ST OJT
27-3012,Public Address System and Other Announcers,"1,200","1,300",100,8.3%,0.8%,10,40,50,$13.30,"$27,675",7,None,ST OJT
27-3022,Reporters and Correspondents,"4,300","4,600",300,7.0%,0.7%,40,140,180,$19.21,"$39,961",3,None,None
27-3031,Public Relations Specialists,"24,400","28,000","3,600",14.8%,1.5%,360,290,650,$31.79,"$66,125",3,None,None
27-3041,Editors,"11,800","13,200","1,400",11.9%,1.2%,140,430,570,$30.88,"$64,238",3,<5 years,None
27-3042,Technical Writers,"7,600","9,300","1,700",22.4%,2.2%,180,170,350,$41.85,"$87,043",3,<5 years,ST OJT
27-3043,Writers and Authors,"23,400","26,300","2,900",12.4%,1.2%,290,390,680,$35.00,"$72,790",3,None,MT OJT
27-3091,Interpreters and Translators,"9,300","12,700","3,400",36.6%,3.7%,340,150,490,$21.84,"$45,429",3,None,ST OJT
27-3099,"Media and Communication Workers, All Other","11,500","12,700","1,200",10.4%,1.0%,120,180,300,$22.32,"$46,433",7,None,ST OJT
27-4000,Media and Communication Equipment Workers,"70,200","77,300","7,100",10.1%,1.0%,720,"1,200","1,910",N/A,N/A,,,
27-4011,Audio and Video Equipment Technicians,"14,600","16,900","2,300",15.8%,1.6%,230,280,510,$23.25,"$48,361",5,None,ST OJT
27-4012,Broadcast Technicians,"4,400","4,400",0,0.0%,0.0%,0,80,90,$25.10,"$52,216",4,None,ST OJT
27-4014,Sound Engineering Technicians,"4,700","5,200",500,10.6%,1.1%,40,90,130,$30.13,"$62,665",5,None,ST OJT
27-4021,Photographers,"16,100","18,200","2,100",13.0%,1.3%,200,390,600,$19.09,"$39,707",7,None,LT OJT
27-4031,"Camera Operators, Television, Video, and Motion Picture","7,000","7,200",200,2.9%,0.3%,20,60,80,$29.02,"$60,362",3,None,None
27-4032,Film and Video Editors,"15,800","18,000","2,200",13.9%,1.4%,220,140,360,$43.00,"$89,448",3,None,None
27-4099,"Media and Communication Equipment Workers, All Other","7,500","7,400",-100,-1.3%,-0.1%,0,140,140,$36.12,"$75,123",7,None,ST OJT
29-0000,Healthcare Practitioners and Technical Occupations,"770,100","912,200","142,100",18.5%,1.8%,"14,220","16,890","31,110",$41.12,"$85,522",,,
29-1000,Health Diagnosing and Treating Practitioners,"485,300","574,100","88,800",18.3%,1.8%,"8,880","11,430","20,310",N/A,N/A,,,
29-1011,Chiropractors,"4,100","4,300",200,4.9%,0.5%,20,70,90,$34.61,"$71,999",1,None,None
29-1021,"Dentists, General","16,600","19,100","2,500",15.1%,1.5%,250,340,590,$74.95,"$155,907",1,None,None
29-1031,Dietitians and Nutritionists,"7,400","8,900","1,500",20.3%,2.0%,160,60,210,$35.51,"$73,855",3,None,I/R
29-1041,Optometrists,"4,700","5,600",900,19.1%,1.9%,100,170,260,$53.92,"$112,152",1,None,None
29-1051,Pharmacists,"29,100","31,300","2,200",7.6%,0.8%,220,680,900,$68.88,"$143,267",1,None,None
29-1061,Anesthesiologists,"2,700","3,400",700,25.9%,2.6%,80,70,150,N/A,N/A,1,None,I/R
29-1062,Family and General Practitioners,"17,900","20,400","2,500",14.0%,1.4%,260,480,740,N/A,N/A,1,None,I/R
29-1063,"Internists, General","5,600","6,500",900,16.1%,1.6%,90,150,240,N/A,N/A,1,None,I/R
29-1064,Obstetricians and Gynecologists,"2,500","3,200",700,28.0%,2.8%,70,70,130,N/A,N/A,1,None,I/R
29-1065,"Pediatricians, General","4,400","5,200",800,18.2%,1.8%,70,120,190,>90.00,">187,200",1,None,I/R
29-1066,Psychiatrists,"3,500","4,100",600,17.1%,1.7%,60,90,160,N/A,N/A,1,None,I/R
29-1067,Surgeons,"5,700","7,300","1,600",28.1%,2.8%,160,150,310,N/A,N/A,1,None,I/R
29-1069,"Physicians and Surgeons, All Other","23,800","28,600","4,800",20.2%,2.0%,480,640,"1,120",N/A,N/A,1,None,I/R
29-1071,Physician Assistants,"9,900","13,300","3,400",34.3%,3.4%,340,220,560,$53.34,"$110,955",2,None,None
29-1122,Occupational Therapists,"10,300","12,600","2,300",22.3%,2.2%,230,200,430,$44.71,"$92,999",2,None,None
29-1123,Physical Therapists,"19,300","24,500","5,200",26.9%,2.7%,530,520,"1,040",$45.94,"$95,555",1,None,None
29-1124,Radiation Therapists,"1,100","1,300",200,18.2%,1.8%,20,30,40,$53.03,"$110,296",4,None,None
29-1125,Recreational Therapists,"1,700","1,900",200,11.8%,1.2%,20,40,60,$33.58,"$69,848",3,None,None
29-1126,Respiratory Therapists,"14,700","17,200","2,500",17.0%,1.7%,250,350,600,$38.76,"$80,632",4,None,None
29-1127,Speech-Language Pathologists,"11,000","12,900","1,900",17.3%,1.7%,200,280,470,$42.83,"$89,083",2,None,None
29-1129,"Therapists, All Other","2,100","2,600",500,23.8%,2.4%,60,20,80,$26.70,"$55,543",3,None,None
29-1131,Veterinarians,"7,500","8,900","1,400",18.7%,1.9%,140,120,260,$50.21,"$104,432",1,None,None
29-1141,Registered Nurses,"256,000","300,300","44,300",17.3%,1.7%,"4,430","6,040","10,470",$48.97,"$101,855",3,None,None
29-1151,Nurse Anesthetists,"1,100","1,400",300,27.3%,2.7%,30,30,60,N/A,N/A,2,None,None
29-1171,Nurse Practitioners,"10,800","15,000","4,200",38.9%,3.9%,420,260,670,$57.55,"$119,710",2,None,None
29-1199,"Health Diagnosing and Treating Practitioners, All Other","5,900","7,100","1,200",20.3%,2.0%,130,140,260,$33.56,"$69,797",2,None,None
29-2000,Health Technologists and Technicians,"270,200","321,100","50,900",18.8%,1.9%,"5,100","5,170","10,270",N/A,N/A,,,
29-2011,Medical and Clinical Laboratory Technologists,"10,800","12,900","2,100",19.4%,1.9%,210,260,470,$40.55,"$84,335",3,None,None
29-2012,Medical and Clinical Laboratory Technicians,"17,600","21,700","4,100",23.3%,2.3%,410,420,830,$22.33,"$46,454",4,None,None
29-2021,Dental Hygienists,"20,500","23,600","3,100",15.1%,1.5%,310,340,650,$47.12,"$98,010",4,None,None
29-2031,Cardiovascular Technologists and Technicians,"4,000","5,000","1,000",25.0%,2.5%,110,80,180,$32.90,"$68,438",4,None,None
29-2032,Diagnostic Medical Sonographers,"5,100","6,600","1,500",29.4%,2.9%,160,100,250,$47.05,"$97,878",4,None,None
29-2033,Nuclear Medicine Technologists,"1,600","1,700",100,6.3%,0.6%,10,30,40,$51.34,"$106,786",4,None,None
29-2034,Radiologic Technologists,"16,600","18,900","2,300",13.9%,1.4%,230,310,540,$36.57,"$76,067",4,None,None
29-2035,Magnetic Resonance Imaging Technologists,"2,700","3,100",400,14.8%,1.5%,40,50,90,$42.77,"$88,971",4,<5 years,None
29-2041,Emergency Medical Technicians and Paramedics,"16,600","20,600","4,000",24.1%,2.4%,400,270,670,$16.21,"$33,722",5,None,None
29-2051,Dietetic Technicians,"3,700","4,300",600,16.2%,1.6%,70,40,100,$17.17,"$35,700",4,None,None
29-2052,Pharmacy Technicians,"32,700","36,500","3,800",11.6%,1.2%,380,320,700,$18.75,"$38,997",7,None,MT OJT
29-2053,Psychiatric Technicians,"8,200","8,300",100,1.2%,0.1%,10,80,90,$28.78,"$59,865",5,<5 years,ST OJT
29-2055,Surgical Technologists,"9,300","10,800","1,500",16.1%,1.6%,160,90,250,$28.42,"$59,114",5,None,None
29-2056,Veterinary Technologists and Technicians,"9,400","12,200","2,800",29.8%,3.0%,280,90,370,$18.27,"$38,003",4,None,None
29-2057,Ophthalmic Medical Technicians,"4,000","5,000","1,000",25.0%,2.5%,100,40,140,$18.22,"$37,901",5,None,None
29-2061,Licensed Practical and Licensed Vocational Nurses,"65,700","79,400","13,700",20.9%,2.1%,"1,370","1,870","3,240",$25.36,"$52,743",5,None,None
29-2071,Medical Records and Health Information Technicians,"18,900","22,600","3,700",19.6%,2.0%,370,420,790,$21.38,"$44,465",5,None,None
29-2081,"Opticians, Dispensing","7,700","9,100","1,400",18.2%,1.8%,140,210,350,$19.21,"$39,961",7,None,LT OJT
29-2099,"Health Technologists and Technicians, All Other","13,300","16,700","3,400",25.6%,2.6%,340,130,470,$22.68,"$47,174",7,None,None
29-9000,Other Healthcare Practitioners and Technical Occupations,"14,600","17,000","2,400",16.4%,1.6%,240,290,530,N/A,N/A,,,
29-9011,Occupational Health and Safety Specialists,"5,900","6,700",800,13.6%,1.4%,80,120,200,$39.14,"$81,413",3,None,None
29-9012,Occupational Health and Safety Technicians,"1,100","1,300",200,18.2%,1.8%,20,20,50,$25.40,"$52,835",7,None,MT OJT
29-9091,Athletic Trainers,"1,600","2,000",400,25.0%,2.5%,40,30,70,[6],"$47,529",3,None,None
29-9099,"Healthcare Practitioners and Technical Workers, All Other","5,400","6,300",900,16.7%,1.7%,80,110,190,$29.92,"$62,239",5,None,None
31-0000,Healthcare Support Occupations,"366,000","447,300","81,300",22.2%,2.2%,"8,140","7,820","15,960",$15.87,"$32,988",,,
31-1000,"Nursing, Psychiatric, and Home Health Aides","139,000","171,500","32,500",23.4%,2.3%,"3,250","3,140","6,390",N/A,N/A,,,
31-1011,Home Health Aides,"32,900","45,700","12,800",38.9%,3.9%,"1,280",740,"2,030",$11.65,"$24,209",8,None,ST OJT
31-1013,Psychiatric Aides,"2,200","2,300",100,4.5%,0.5%,0,50,50,$13.85,"$28,797",7,None,ST OJT
31-1014,Nursing Assistants,"99,700","118,900","19,200",19.3%,1.9%,"1,910","2,250","4,170",$14.29,"$29,725",5,None,None
31-1015,Orderlies,"4,100","4,700",600,14.6%,1.5%,50,90,150,$18.21,"$37,883",7,None,ST OJT
31-2000,Occupational Therapy and Physical Therapist Assistants and Aides,"13,700","18,000","4,300",31.4%,3.1%,430,400,830,N/A,N/A,,,
31-2011,Occupational Therapy Assistants,"1,900","2,500",600,31.6%,3.2%,60,60,120,$33.48,"$69,648",4,None,None
31-2021,Physical Therapist Assistants,"4,800","6,300","1,500",31.3%,3.1%,150,140,290,$32.39,"$67,354",4,None,None
31-2022,Physical Therapist Aides,"6,200","8,200","2,000",32.3%,3.2%,200,180,380,$13.48,"$28,033",7,None,ST OJT
31-9000,Other Healthcare Support Occupations,"213,300","257,700","44,400",20.8%,2.1%,"4,460","4,280","8,740",N/A,N/A,,,
31-9011,Massage Therapists,"26,600","33,000","6,400",24.1%,2.4%,640,200,840,$19.09,"$39,698",5,None,None
31-9091,Dental Assistants,"48,800","56,400","7,600",15.6%,1.6%,760,"1,210","1,970",$18.18,"$37,822",5,None,None
31-9092,Medical Assistants,"80,900","103,300","22,400",27.7%,2.8%,"2,230","1,690","3,920",$16.60,"$34,518",5,None,None
31-9093,Medical Equipment Preparers,"6,500","7,600","1,100",16.9%,1.7%,120,140,250,$21.82,"$45,388",7,None,MT OJT
31-9094,Medical Transcriptionists,"4,500","4,400",-100,-2.2%,-0.2%,0,90,90,$22.24,"$46,255",5,None,None
31-9095,Pharmacy Aides,"10,300","10,600",300,2.9%,0.3%,30,210,240,$14.41,"$29,970",7,None,ST OJT
31-9096,Veterinary Assistants and Laboratory Animal Caretakers,"10,600","12,600","2,000",18.9%,1.9%,200,220,420,$13.48,"$28,033",7,None,ST OJT
31-9097,Phlebotomists,"12,700","15,800","3,100",24.4%,2.4%,310,270,580,$18.40,"$38,261",5,None,None
31-9099,"Healthcare Support Workers, All Other","12,400","14,100","1,700",13.7%,1.4%,170,260,430,$20.46,"$42,554",7,None,None
33-0000,Protective Service Occupations,"377,400","418,600","41,200",10.9%,1.1%,"4,160","8,200","12,360",$20.62,"$42,880",,,
33-1000,Supervisors of Protective Service Workers,"19,200","21,100","1,900",9.9%,1.0%,190,590,780,N/A,N/A,,,
33-1011,First-Line Supervisors of Correctional Officers,"4,700","5,000",300,6.4%,0.6%,30,140,170,$43.68,"$90,848",7,<5 years,MT OJT
33-1021,First-Line Supervisors of Fire Fighting and Prevention Workers,"2,400","2,600",200,8.3%,0.8%,20,110,130,$48.25,"$100,362",5,<5 years,MT OJT
33-2000,Fire Fighting and Prevention Workers,"34,500","37,100","2,600",7.5%,0.8%,260,"1,000","1,260",N/A,N/A,,,
33-2011,Firefighters,"33,200","35,600","2,400",7.2%,0.7%,250,960,"1,210",$32.48,"$67,568",5,None,LT OJT
33-3000,Law Enforcement Workers,"119,300","127,200","7,900",6.6%,0.7%,820,"3,620","4,440",N/A,N/A,,,
33-3012,Correctional Officers and Jailers,"35,100","37,700","2,600",7.4%,0.7%,260,970,"1,230",$37.20,"$77,378",7,None,MT OJT
33-3021,Detectives and Criminal Investigators,"12,700","13,200",500,3.9%,0.4%,40,310,350,$43.44,"$90,369",7,<5 years,MT OJT
33-3041,Parking Enforcement Workers,"1,700","1,300",-400,-23.5%,-2.4%,0,50,50,$23.66,"$49,202",7,None,ST OJT
33-3051,Police and Sheriff's Patrol Officers,"68,700","73,700","5,000",7.3%,0.7%,510,"2,260","2,770",$46.52,"$96,763",7,None,MT OJT
33-9000,Other Protective Service Workers,"204,400","233,300","28,900",14.1%,1.4%,"2,890","2,980","5,870",N/A,N/A,,,
33-9011,Animal Control Workers,"1,600","1,700",100,6.3%,0.6%,20,40,50,$23.24,"$48,336",7,None,MT OJT
33-9021,Private Detectives and Investigators,"5,500","6,400",900,16.4%,1.6%,90,150,240,$22.93,"$47,703",7,<5 years,MT OJT
33-9031,Gaming Surveillance Officers and Gaming Investigators,"1,200","1,300",100,8.3%,0.8%,10,20,20,$16.35,"$33,988",7,None,ST OJT
33-9032,Security Guards,"148,900","171,900","23,000",15.4%,1.5%,"2,300","2,100","4,400",$12.05,"$25,075",7,None,ST OJT
33-9091,Crossing Guards,"6,800","7,400",600,8.8%,0.9%,70,120,190,$13.02,"$27,094",8,None,ST OJT
33-9092,"Lifeguards, Ski Patrol, and Other Recreational Protective Service Workers","16,900","18,800","1,900",11.2%,1.1%,190,240,430,$13.50,"$28,084",8,None,ST OJT
33-9093,Transportation Security Screeners,"5,100","5,200",100,2.0%,0.2%,0,70,70,$19.75,"$41,085",7,None,ST OJT
33-9099,"Protective Service Workers, All Other","18,400","20,600","2,200",12.0%,1.2%,220,260,480,$16.86,"$35,048",7,None,ST OJT
35-0000,Food Preparation and Serving Related Occupations,"1,432,700","1,779,800","347,100",24.2%,2.4%,"34,720","53,280","87,990",$10.70,"$22,251",,,
35-1000,Supervisors of Food Preparation and Serving Workers,"111,500","143,300","31,800",28.5%,2.9%,"3,190","3,020","6,210",N/A,N/A,,,
35-1011,Chefs and Head Cooks,"19,900","25,200","5,300",26.6%,2.7%,530,300,830,$20.22,"$42,054",7,?5 years,None
35-1012,First-Line Supervisors of Food Preparation and Serving Workers,"91,600","118,100","26,500",28.9%,2.9%,"2,660","2,720","5,380",$15.17,"$31,561",7,<5 years,None
35-2000,Cooks and Food Preparation Workers,"391,900","475,800","83,900",21.4%,2.1%,"8,390","10,540","18,930",N/A,N/A,,,
35-2011,"Cooks, Fast Food","97,000","99,300","2,300",2.4%,0.2%,240,"2,570","2,800",$9.68,"$20,130",8,None,ST OJT
35-2012,"Cooks, Institution and Cafeteria","26,500","30,600","4,100",15.5%,1.5%,410,700,"1,110",$14.53,"$30,225",8,None,ST OJT
35-2013,"Cooks, Private Household","2,200","2,500",300,13.6%,1.4%,30,60,90,$17.96,"$37,343",5,<5 years,None
35-2014,"Cooks, Restaurant","122,100","167,100","45,000",36.9%,3.7%,"4,500","3,230","7,730",$12.12,"$25,218",8,<5 years,MT OJT
35-2015,"Cooks, Short Order","22,000","24,400","2,400",10.9%,1.1%,230,580,810,$11.50,"$23,923",8,None,ST OJT
35-2019,"Cooks, All Other","2,400","2,700",300,12.5%,1.3%,30,60,90,$14.34,"$29,817",8,None,MT OJT
35-2021,Food Preparation Workers,"119,800","149,300","29,500",24.6%,2.5%,"2,950","3,340","6,290",$10.56,"$21,975",8,None,ST OJT
35-3000,Food and Beverage Serving Workers,"730,700","923,100","192,400",26.3%,2.6%,"19,240","29,420","48,660",N/A,N/A,,,
35-3011,Bartenders,"56,700","71,600","14,900",26.3%,2.6%,"1,490","2,130","3,620",$11.85,"$24,647",8,None,ST OJT
35-3021,"Combined Food Preparation and Serving Workers, Including Fast Food","329,700","432,800","103,100",31.3%,3.1%,"10,300","10,660","20,960",$9.69,"$20,140",8,None,ST OJT
35-3022,"Counter Attendants, Cafeteria, Food Concession, and Coffee Shop","55,900","67,800","11,900",21.3%,2.1%,"1,190","3,360","4,550",$10.35,"$21,516",8,None,ST OJT
35-3031,Waiters and Waitresses,"262,900","321,000","58,100",22.1%,2.2%,"5,810","12,650","18,460",$11.41,"$23,729",8,None,ST OJT
35-3041,"Food Servers, Nonrestaurant","25,400","29,900","4,500",17.7%,1.8%,450,620,"1,070",$11.88,"$24,708",8,None,ST OJT
35-9000,Other Food Preparation and Serving Related Workers,"198,600","237,500","38,900",19.6%,2.0%,"3,900","10,300","14,200",N/A,N/A,,,
35-9011,Dining Room and Cafeteria Attendants and Bartender Helpers,"65,400","81,300","15,900",24.3%,2.4%,"1,590","3,270","4,860",$9.69,"$20,140",8,None,ST OJT
35-9021,Dishwashers,"80,700","90,800","10,100",12.5%,1.3%,"1,020","3,490","4,500",$9.73,"$20,232",8,None,ST OJT
35-9031,"Hosts and Hostesses, Restaurant, Lounge, and Coffee Shop","44,000","55,200","11,200",25.5%,2.5%,"1,130","3,120","4,250",$9.67,"$20,119",8,None,None
35-9099,"Food Preparation and Serving Related Workers, All Other","8,500","10,200","1,700",20.0%,2.0%,170,420,590,$11.48,"$23,882",8,None,ST OJT
37-0000,Building and Grounds Cleaning and Maintenance Occupations,"576,100","636,400","60,300",10.5%,1.0%,"6,030","11,560","17,580",$12.95,"$26,931",,,
37-1000,Supervisors of Building and Grounds Cleaning and Maintenance Workers,"45,100","49,300","4,200",9.3%,0.9%,430,730,"1,150",N/A,N/A,,,
37-1011,First-Line Supervisors of Housekeeping and Janitorial Workers,"25,700","28,100","2,400",9.3%,0.9%,240,410,650,$21.27,"$44,246",7,<5 years,None
37-1012,"First-Line Supervisors of Landscaping, Lawn Service, and Groundskeeping Workers","19,300","21,200","1,900",9.8%,1.0%,180,320,510,$22.91,"$47,652",7,<5 years,None
37-2000,Building Cleaning and Pest Control Workers,"372,400","411,600","39,200",10.5%,1.1%,"3,920","7,970","11,890",N/A,N/A,,,
37-2011,"Janitors and Cleaners, Except Maids and Housekeeping Cleaners","231,300","255,100","23,800",10.3%,1.0%,"2,390","4,590","6,980",$12.64,"$26,299",8,None,ST OJT
37-2012,Maids and Housekeeping Cleaners,"129,600","144,400","14,800",11.4%,1.1%,"1,480","3,090","4,570",$11.43,"$23,770",8,None,ST OJT
37-2019,"Building Cleaning Workers, All Other","1,700","1,900",200,11.8%,1.2%,20,30,50,$18.44,"$38,342",8,None,ST OJT
37-2021,Pest Control Workers,"9,800","10,200",400,4.1%,0.4%,40,250,290,$16.04,"$33,366",7,None,MT OJT
37-3000,Grounds Maintenance Workers,"158,600","175,400","16,800",10.6%,1.1%,"1,680","2,860","4,540",N/A,N/A,,,
37-3011,Landscaping and Groundskeeping Workers,"143,800","159,000","15,200",10.6%,1.1%,"1,520","2,590","4,110",$12.99,"$27,013",8,None,ST OJT
37-3012,"Pesticide Handlers, Sprayers, and Applicators, Vegetation","5,000","5,600",600,12.0%,1.2%,60,90,150,$18.44,"$38,342",7,None,MT OJT
37-3013,Tree Trimmers and Pruners,"7,700","8,400",700,9.1%,0.9%,70,140,210,$17.58,"$36,568",7,None,ST OJT
37-3019,"Grounds Maintenance Workers, All Other","2,200","2,400",200,9.1%,0.9%,20,40,60,$16.24,"$33,794",8,None,ST OJT
39-0000,Personal Care and Service Occupations,"964,100","1,212,600","248,500",25.8%,2.6%,"24,870","15,860","40,720",$11.42,"$23,760",,,
39-1000,Supervisors of Personal Care and Service Workers,"29,900","34,500","4,600",15.4%,1.5%,470,630,"1,100",N/A,N/A,,,
39-1011,Gaming Supervisors,"2,900","3,300",400,13.8%,1.4%,50,100,140,$23.44,"$48,764",7,<5 years,None
39-1012,Slot Supervisors,"1,700","1,700",0,0.0%,0.0%,0,60,60,$19.50,"$40,545",7,<5 years,None
39-1021,First-Line Supervisors of Personal Service Workers,"25,300","29,500","4,200",16.6%,1.7%,420,480,900,$19.01,"$39,545",7,<5 years,None
39-2000,Animal Care and Service Workers,"28,000","33,100","5,100",18.2%,1.8%,510,640,"1,150",N/A,N/A,,,
39-2011,Animal Trainers,"3,900","4,400",500,12.8%,1.3%,50,140,200,$15.03,"$31,275",7,None,MT OJT
39-2021,Nonfarm Animal Caretakers,"24,100","28,700","4,600",19.1%,1.9%,460,500,950,$11.50,"$23,933",7,None,ST OJT
39-3000,Entertainment Attendants and Related Workers,"85,500","95,800","10,300",12.0%,1.2%,"1,040","3,590","4,630",N/A,N/A,,,
39-3011,Gaming Dealers,"17,500","19,500","2,000",11.4%,1.1%,200,470,670,$10.39,"$21,618",7,None,ST OJT
39-3012,Gaming and Sports Book Writers and Runners,"1,100","1,200",100,9.1%,0.9%,10,30,40,$19.59,"$40,759",7,None,ST OJT
39-3019,"Gaming Service Workers, All Other","3,500","3,800",300,8.6%,0.9%,30,90,130,$11.57,"$24,076",7,None,ST OJT
39-3031,"Ushers, Lobby Attendants, and Ticket Takers","16,200","16,900",700,4.3%,0.4%,70,"1,020","1,090",$9.66,"$20,079",8,None,ST OJT
39-3091,Amusement and Recreation Attendants,"41,400","48,000","6,600",15.9%,1.6%,660,"1,730","2,390",$9.82,"$20,436",8,None,ST OJT
39-3092,Costume Attendants,"1,800","2,000",200,11.1%,1.1%,20,80,100,$24.42,"$50,803",7,None,ST OJT
39-3093,"Locker Room, Coatroom, and Dressing Room Attendants","2,800","3,000",200,7.1%,0.7%,30,120,140,$13.28,"$27,604",7,None,ST OJT
39-4000,Funeral Service Workers,"5,100","5,100",0,0.0%,0.0%,10,110,120,N/A,N/A,,,
39-4021,Funeral Attendants,"2,600","2,600",0,0.0%,0.0%,0,60,60,$14.11,"$29,348",7,None,ST OJT
39-4031,"Morticians, Undertakers, and Funeral Directors","1,800","2,000",200,11.1%,1.1%,10,40,50,$18.87,"$39,229",4,None,LT OJT
39-5000,Personal Appearance Workers,"84,000","99,700","15,700",18.7%,1.9%,"1,570","1,500","3,070",N/A,N/A,,,
39-5011,Barbers,"4,000","4,800",800,20.0%,2.0%,80,80,150,$11.91,"$24,769",5,None,None
39-5012,"Hairdressers, Hairstylists, and Cosmetologists","44,400","52,700","8,300",18.7%,1.9%,820,"1,140","1,970",$11.43,"$23,770",5,None,None
39-5091,"Makeup Artists, Theatrical and Performance","1,700","2,000",300,17.6%,1.8%,40,10,50,$37.55,"$78,102",5,None,None
39-5092,Manicurists and Pedicurists,"24,200","28,800","4,600",19.0%,1.9%,470,190,650,$9.72,"$20,221",5,None,None
39-5093,Shampooers,"2,100","2,500",400,19.0%,1.9%,40,20,60,$10.47,"$21,792",8,None,ST OJT
39-5094,Skincare Specialists,"7,600","8,800","1,200",15.8%,1.6%,120,60,180,$15.19,"$31,602",5,None,None
39-6000,"Baggage Porters, Bellhops, and Concierges","8,400","9,500","1,100",13.1%,1.3%,110,170,280,N/A,N/A,,,
39-6011,Baggage Porters and Bellhops,"5,300","5,900",600,11.3%,1.1%,60,110,170,$11.60,"$24,147",7,None,ST OJT
39-6012,Concierges,"3,100","3,600",500,16.1%,1.6%,50,60,110,$15.64,"$32,540",7,None,MT OJT
39-7000,Tour and Travel Guides,"5,100","5,900",800,15.7%,1.6%,70,200,270,N/A,N/A,,,
39-7011,Tour Guides and Escorts,"4,700","5,400",700,14.9%,1.5%,70,190,260,$14.45,"$30,062",7,None,MT OJT
39-9000,Other Personal Care and Service Workers,"718,100","929,000","210,900",29.4%,2.9%,"21,090","9,020","30,110",N/A,N/A,,,
39-9011,Childcare Workers,"101,600","111,500","9,900",9.7%,1.0%,990,"3,000","3,990",$11.84,"$24,627",7,None,ST OJT
39-9021,Personal Care Aides,"525,200","713,300","188,100",35.8%,3.6%,"18,810","4,250","23,050",$10.68,"$22,210",8,None,ST OJT
39-9031,Fitness Trainers and Aerobics Instructors,"30,400","35,500","5,100",16.8%,1.7%,510,560,"1,070",$22.77,"$47,357",7,None,ST OJT
39-9032,Recreation Workers,"50,700","57,000","6,300",12.4%,1.2%,630,940,"1,560",$12.45,"$25,891",7,None,ST OJT
39-9041,Residential Advisors,"5,800","6,700",900,15.5%,1.6%,90,180,270,$14.84,"$30,857",7,None,ST OJT
39-9099,"Personal Care and Service Workers, All Other","4,400","5,000",600,13.6%,1.4%,60,100,160,$11.80,"$24,545",7,None,ST OJT
41-0000,Sales and Related Occupations,"1,685,500","1,849,000","163,500",9.7%,1.0%,"16,370","49,730","66,100",$13.81,"$28,719",,,
41-1000,Supervisors of Sales Workers,"195,900","209,300","13,400",6.8%,0.7%,"1,340","3,860","5,200",N/A,N/A,,,
41-1011,First-Line Supervisors of Retail Sales Workers,"148,300","156,600","8,300",5.6%,0.6%,830,"3,310","4,140",$18.97,"$39,454",7,<5 years,None
41-1012,First-Line Supervisors of Non-Retail Sales Workers,"47,600","52,700","5,100",10.7%,1.1%,510,550,"1,060",$30.56,"$63,563",7,<5 years,None
41-2000,Retail Sales Workers,"954,900","1,029,100","74,200",7.8%,0.8%,"7,430","35,060","42,490",N/A,N/A,,,
41-2011,Cashiers,"389,100","415,800","26,700",6.9%,0.7%,"2,670","16,560","19,230",$10.16,"$21,127",8,None,ST OJT
41-2012,Gaming Change Persons and Booth Cashiers,"2,400","2,300",-100,-4.2%,-0.4%,0,100,100,$11.15,"$23,199",7,None,ST OJT
41-2021,Counter and Rental Clerks,"82,700","91,000","8,300",10.0%,1.0%,840,"2,050","2,880",$12.70,"$26,404",8,None,ST OJT
41-2022,Parts Salespersons,"24,500","27,200","2,700",11.0%,1.1%,270,540,820,$14.51,"$30,184",8,None,MT OJT
41-2031,Retail Salespersons,"456,200","492,700","36,500",8.0%,0.8%,"3,650","15,810","19,470",$11.31,"$23,523",8,None,ST OJT
41-3000,"Sales Representatives, Services","232,100","264,800","32,700",14.1%,1.4%,"3,260","5,080","8,340",N/A,N/A,,,
41-3011,Advertising Sales Agents,"19,900","21,800","1,900",9.5%,1.0%,190,590,780,$28.68,"$59,651",7,None,MT OJT
41-3021,Insurance Sales Agents,"40,600","45,600","5,000",12.3%,1.2%,510,"1,070","1,570",$26.55,"$55,203",7,None,MT OJT
41-3031,"Securities, Commodities, and Financial Services Sales Agents","44,800","45,800","1,000",2.2%,0.2%,100,770,870,$26.69,"$55,506",3,None,MT OJT
41-3041,Travel Agents,"9,600","10,500",900,9.4%,0.9%,90,150,240,$17.55,"$36,502",7,None,MT OJT
41-3099,"Sales Representatives, Services, All Other","117,300","141,100","23,800",20.3%,2.0%,"2,380","2,500","4,880",$27.45,"$57,114",7,None,MT OJT
41-4000,"Sales Representatives, Wholesale and Manufacturing","189,600","212,400","22,800",12.0%,1.2%,"2,280","3,900","6,180",N/A,N/A,,,
41-4011,"Sales Representatives, Wholesale and Manufacturing, Technical and Scientific Products","46,900","53,800","6,900",14.7%,1.5%,700,960,"1,660",$39.03,"$81,172",3,None,MT OJT
41-4012,"Sales Representatives, Wholesale and Manufacturing, Except Technical and Scientific Products","142,800","158,600","15,800",11.1%,1.1%,"1,580","2,940","4,520",$26.05,"$54,182",7,None,MT OJT
41-9000,Other Sales and Related Workers,"112,900","133,500","20,600",18.2%,1.8%,"2,070","1,830","3,900",N/A,N/A,,,
41-9011,Demonstrators and Product Promoters,"21,900","25,300","3,400",15.5%,1.6%,340,650,990,$13.07,"$27,182",7,None,ST OJT
41-9021,Real Estate Brokers,"10,700","13,700","3,000",28.0%,2.8%,300,80,370,$28.21,"$58,680",7,<5 years,None
41-9022,Real Estate Sales Agents,"25,700","31,400","5,700",22.2%,2.2%,570,180,750,$25.63,"$53,303",7,None,MT OJT
41-9031,Sales Engineers,"12,900","15,500","2,600",20.2%,2.0%,260,330,590,$51.65,"$107,444",3,None,MT OJT
41-9041,Telemarketers,"14,800","14,600",-200,-1.4%,-0.1%,0,270,270,$12.45,"$25,898",8,None,ST OJT
41-9091,"Door-to-Door Sales Workers, News and Street Vendors, and Related Workers","11,300","13,400","2,100",18.6%,1.9%,220,90,310,$11.74,"$24,412",8,None,ST OJT
41-9099,"Sales and Related Workers, All Other","15,000","18,700","3,700",24.7%,2.5%,370,210,580,$17.00,"$35,360",7,None,None
43-0000,Office and Administrative Support Occupations,"2,508,800","2,706,200","197,400",7.9%,0.8%,"23,330","50,890","74,220",$18.17,"$37,803",,,
43-1000,Supervisors of Office and Administrative Support Workers,"174,300","198,300","24,000",13.8%,1.4%,"2,400","2,630","5,030",N/A,N/A,,,
43-1011,First-Line Supervisors of Office and Administrative Support Workers,"174,300","198,300","24,000",13.8%,1.4%,"2,400","2,630","5,030",$27.98,"$58,208",7,<5 years,None
43-2000,Communications Equipment Operators,"14,600","10,400","-4,200",-28.8%,-2.9%,10,190,200,N/A,N/A,,,
43-2011,"Switchboard Operators, Including Answering Service","13,200","9,300","-3,900",-29.5%,-3.0%,0,160,160,$14.84,"$30,854",7,None,ST OJT
43-3000,Financial Clerks,"379,900","382,100","2,200",0.6%,0.1%,"1,300","7,070","8,360",N/A,N/A,,,
43-3011,Bill and Account Collectors,"38,200","38,900",700,1.8%,0.2%,80,930,"1,010",$18.93,"$39,368",7,None,MT OJT
43-3021,Billing and Posting Clerks,"59,900","69,800","9,900",16.5%,1.7%,990,"1,250","2,240",$18.38,"$38,243",7,None,MT OJT
43-3031,"Bookkeeping, Accounting, and Auditing Clerks","192,000","188,600","-3,400",-1.8%,-0.2%,0,"1,880","1,880",$20.97,"$43,615",6,None,MT OJT
43-3041,Gaming Cage Workers,"4,700","5,200",500,10.6%,1.1%,50,90,140,$13.03,"$27,088",7,None,ST OJT
43-3051,Payroll and Timekeeping Clerks,"26,300","27,300","1,000",3.8%,0.4%,110,710,810,$22.30,"$46,378",7,None,MT OJT
43-3061,Procurement Clerks,"8,100","8,000",-100,-1.2%,-0.1%,0,280,280,$21.70,"$45,119",7,None,MT OJT
43-3071,Tellers,"45,600","38,400","-7,200",-15.8%,-1.6%,0,"1,780","1,780",$13.94,"$29,002",7,None,ST OJT
43-3099,"Financial Clerks, All Other","5,200","6,000",800,15.4%,1.5%,80,140,220,$20.15,"$41,916",7,None,ST OJT
43-4000,Information and Record Clerks,"528,800","590,900","62,100",11.7%,1.2%,"6,360","12,800","19,160",N/A,N/A,,,
43-4011,Brokerage Clerks,"4,500","4,800",300,6.7%,0.7%,30,110,140,$26.32,"$54,739",7,None,MT OJT
43-4031,"Court, Municipal, and License Clerks","8,900","9,600",700,7.9%,0.8%,70,50,120,$21.68,"$45,109",7,None,MT OJT
43-4041,"Credit Authorizers, Checkers, and Clerks","3,000","3,000",0,0.0%,0.0%,0,30,30,$21.13,"$43,963",7,None,MT OJT
43-4051,Customer Service Representatives,"201,500","231,500","30,000",14.9%,1.5%,"3,010","4,960","7,970",$18.18,"$37,823",7,None,ST OJT
43-4061,"Eligibility Interviewers, Government Programs","23,000","24,500","1,500",6.5%,0.7%,150,250,400,$23.55,"$48,967",7,None,MT OJT
43-4071,File Clerks,"21,500","21,500",0,0.0%,0.0%,0,430,430,$14.03,"$29,186",7,None,ST OJT
43-4081,"Hotel, Motel, and Resort Desk Clerks","24,200","26,500","2,300",9.5%,1.0%,230,"1,250","1,480",$12.17,"$25,318",7,None,ST OJT
43-4111,"Interviewers, Except Eligibility and Loan","18,900","21,100","2,200",11.6%,1.2%,230,430,660,$18.11,"$37,680",7,None,ST OJT
43-4121,"Library Assistants, Clerical","9,700","10,700","1,000",10.3%,1.0%,100,300,400,$14.18,"$29,513",7,None,ST OJT
43-4131,Loan Interviewers and Clerks,"21,700","26,500","4,800",22.1%,2.2%,480,330,810,$21.33,"$44,362",7,None,ST OJT
43-4141,New Accounts Clerks,"5,500","4,200","-1,300",-23.6%,-2.4%,0,130,130,$20.26,"$42,142",7,None,MT OJT
43-4151,Order Clerks,"32,200","35,100","2,900",9.0%,0.9%,300,870,"1,170",$16.56,"$34,436",7,None,ST OJT
43-4161,"Human Resources Assistants, Except Payroll and Timekeeping","16,400","17,000",600,3.7%,0.4%,60,190,250,$21.13,"$43,963",4,None,None
43-4171,Receptionists and Information Clerks,"99,900","113,000","13,100",13.1%,1.3%,"1,310","2,690","4,000",$14.52,"$30,209",7,None,ST OJT
43-4181,Reservation and Transportation Ticket Agents and Travel Clerks,"16,000","18,100","2,100",13.1%,1.3%,220,200,420,$19.17,"$39,880",7,None,ST OJT
43-4199,"Information and Record Clerks, All Other","21,400","23,300","1,900",8.9%,0.9%,180,550,730,$20.69,"$43,042",7,None,ST OJT
43-5000,"Material Recording, Scheduling, Dispatching, and Distributing Workers","489,300","520,500","31,200",6.4%,0.6%,"4,630","12,980","17,610",N/A,N/A,,,
43-5011,Cargo and Freight Agents,"12,100","14,400","2,300",19.0%,1.9%,230,400,620,$20.99,"$43,666",7,None,ST OJT
43-5021,Couriers and Messengers,"15,900","18,200","2,300",14.5%,1.4%,230,200,430,$15.25,"$31,703",7,None,ST OJT
43-5031,"Police, Fire, and Ambulance Dispatchers","7,000","7,000",0,0.0%,0.0%,0,180,180,$28.12,"$58,495",7,None,MT OJT
43-5032,"Dispatchers, Except Police, Fire, and Ambulance","24,000","27,800","3,800",15.8%,1.6%,370,600,970,$18.45,"$38,386",7,None,MT OJT
43-5041,"Meter Readers, Utilities","4,000","3,500",-500,-12.5%,-1.3%,0,70,70,$23.78,"$49,479",7,None,ST OJT
43-5051,Postal Service Clerks,"7,200","5,300","-1,900",-26.4%,-2.6%,0,90,90,$27.95,"$58,116",7,None,ST OJT
43-5052,Postal Service Mail Carriers,"32,000","23,600","-8,400",-26.3%,-2.6%,0,620,620,$29.17,"$60,664",7,None,ST OJT
43-5053,"Postal Service Mail Sorters, Processors, and Processing Machine Operators","12,600","8,400","-4,200",-33.3%,-3.3%,0,150,150,$27.49,"$57,175",7,None,ST OJT
43-5061,"Production, Planning, and Expediting Clerks","44,400","49,100","4,700",10.6%,1.1%,480,"1,200","1,680",$23.71,"$49,315",7,None,MT OJT
43-5071,"Shipping, Receiving, and Traffic Clerks","96,100","103,600","7,500",7.8%,0.8%,750,"2,090","2,840",$15.05,"$31,304",7,None,ST OJT
43-5081,Stock Clerks and Order Fillers,"220,800","245,800","25,000",11.3%,1.1%,"2,500","7,010","9,510",$11.77,"$24,489",8,None,ST OJT
43-5111,"Weighers, Measurers, Checkers, and Samplers, Recordkeeping","13,100","13,900",800,6.1%,0.6%,80,390,470,$12.47,"$25,952",7,None,ST OJT
43-6000,Secretaries and Administrative Assistants,"418,200","457,800","39,600",9.5%,0.9%,"3,970","4,410","8,380",N/A,N/A,,,
43-6011,Executive Secretaries and Executive Administrative Assistants,"93,400","95,200","1,800",1.9%,0.2%,170,990,"1,160",$29.37,"$61,084",7,<5 years,None
43-6012,Legal Secretaries,"29,300","29,200",-100,-0.3%,0.0%,0,310,310,$24.86,"$51,700",7,None,MT OJT
43-6013,Medical Secretaries,"73,200","88,300","15,100",20.6%,2.1%,"1,510",770,"2,280",$18.34,"$38,150",7,None,MT OJT
43-6014,"Secretaries and Administrative Assistants, Except Legal, Medical, and Executive","222,300","245,100","22,800",10.3%,1.0%,"2,280","2,340","4,630",$18.86,"$39,235",7,None,ST OJT
43-9000,Other Office and Administrative Support Workers,"503,700","546,200","42,500",8.4%,0.8%,"4,680","10,810","15,490",N/A,N/A,,,
43-9011,Computer Operators,"4,800","4,300",-500,-10.4%,-1.0%,0,40,40,$21.79,"$45,324",7,None,MT OJT
43-9021,Data Entry Keyers,"24,400","25,200",800,3.3%,0.3%,80,310,390,$15.27,"$31,765",7,None,MT OJT
43-9022,Word Processors and Typists,"16,600","14,600","-2,000",-12.0%,-1.2%,0,60,60,$21.50,"$44,731",7,None,ST OJT
43-9031,Desktop Publishers,"1,700","1,400",-300,-17.6%,-1.8%,0,50,50,$22.43,"$46,654",4,None,ST OJT
43-9041,Insurance Claims and Policy Processing Clerks,"38,300","42,000","3,700",9.7%,1.0%,370,960,"1,330",$19.81,"$41,210",7,None,MT OJT
43-9051,"Mail Clerks and Mail Machine Operators, Except Postal Service","7,000","6,300",-700,-10.0%,-1.0%,0,140,140,$15.92,"$33,116",7,None,ST OJT
43-9061,"Office Clerks, General","331,200","363,500","32,300",9.8%,1.0%,"3,230","7,140","10,370",$16.15,"$33,586",7,None,ST OJT
43-9071,"Office Machine Operators, Except Computer","7,000","6,100",-900,-12.9%,-1.3%,0,160,160,$15.18,"$31,570",7,None,ST OJT
43-9081,Proofreaders and Copy Markers,"1,700","1,900",200,11.8%,1.2%,20,30,50,$17.36,"$36,104",3,None,None
43-9199,"Office and Administrative Support Workers, All Other","70,100","79,900","9,800",14.0%,1.4%,980,"1,890","2,870",$12.89,"$26,822",7,None,ST OJT
45-0000,"Farming, Fishing, and Forestry Occupations","338,100","378,100","40,000",11.8%,1.2%,"4,010","8,820","12,830",$9.67,"$20,114",,,
45-1000,"Supervisors of Farming, Fishing, and Forestry Workers","10,400","11,300",900,8.7%,0.9%,90,250,350,N/A,N/A,,,
45-1011,"First-Line Supervisors of Farming, Fishing, and Forestry Workers","10,400","11,300",900,8.7%,0.9%,90,250,350,$18.18,"$37,830",7,<5 years,None
45-2000,Agricultural Workers,"322,900","361,800","38,900",12.0%,1.2%,"3,890","8,450","12,340",N/A,N/A,,,
45-2011,Agricultural Inspectors,"2,700","3,100",400,14.8%,1.5%,30,70,100,$19.34,"$40,229",3,None,MT OJT
45-2041,"Graders and Sorters, Agricultural Products","13,600","14,600","1,000",7.4%,0.7%,100,220,320,$9.58,"$19,942",8,None,ST OJT
45-2091,Agricultural Equipment Operators,"16,700","19,900","3,200",19.2%,1.9%,320,450,770,$12.43,"$25,857",8,None,ST OJT
45-2092,"Farmworkers and Laborers, Crop, Nursery, and Greenhouse","269,200","302,600","33,400",12.4%,1.2%,"3,350","7,170","10,510",$9.62,"$20,003",8,None,ST OJT
45-2093,"Farmworkers, Farm, Ranch, and Aquacultural Animals","18,500","19,300",800,4.3%,0.4%,80,490,570,$13.55,"$28,174",8,None,ST OJT
45-2099,"Agricultural Workers, All Other","1,500","1,600",100,6.7%,0.7%,10,40,50,$16.48,"$34,273",8,None,ST OJT
45-4000,"Forest, Conservation, and Logging Workers","4,700","4,800",100,2.1%,0.2%,30,110,140,N/A,N/A,,,
45-4011,Forest and Conservation Workers,"3,000","3,300",300,10.0%,1.0%,30,70,100,$9.23,"$19,190",7,None,MT OJT
45-4022,Logging Equipment Operators,"1,200","1,100",-100,-8.3%,-0.8%,0,30,30,$20.19,"$41,977",7,None,MT OJT
47-0000,Construction and Extraction Occupations,"677,500","868,900","191,400",28.3%,2.8%,"19,190","10,030","29,220",$25.00,"$51,999",,,
47-1000,Supervisors of Construction and Extraction Workers,"49,700","61,700","12,000",24.1%,2.4%,"1,200",390,"1,590",N/A,N/A,,,
47-1011,First-Line Supervisors of Construction Trades and Extraction Workers,"49,700","61,700","12,000",24.1%,2.4%,"1,200",390,"1,590",$36.35,"$75,610",7,?5 years,None
47-2000,Construction Trades Workers,"566,500","734,700","168,200",29.7%,3.0%,"16,820","8,360","25,190",N/A,N/A,,,
47-2021,Brickmasons and Blockmasons,"5,500","8,600","3,100",56.4%,5.6%,310,50,350,$28.23,"$58,707",7,None,APP
47-2022,Stonemasons,"1,900","2,900","1,000",52.6%,5.3%,100,20,110,$18.60,"$38,684",7,None,APP
47-2031,Carpenters,"119,900","153,100","33,200",27.7%,2.8%,"3,320","1,380","4,700",$24.73,"$51,430",7,None,APP
47-2041,Carpet Installers,"10,000","12,500","2,500",25.0%,2.5%,250,140,390,$21.26,"$44,233",8,None,ST OJT
47-2042,"Floor Layers, Except Carpet, Wood, and Hard Tiles","3,700","5,000","1,300",35.1%,3.5%,130,50,180,$21.18,"$44,061",8,None,MT OJT
47-2044,Tile and Marble Setters,"12,000","15,900","3,900",32.5%,3.3%,390,170,560,$21.90,"$45,555",8,None,LT OJT
47-2051,Cement Masons and Concrete Finishers,"19,200","26,400","7,200",37.5%,3.8%,720,230,950,$23.26,"$48,370",8,None,MT OJT
47-2061,Construction Laborers,"114,800","145,000","30,200",26.3%,2.6%,"3,020","2,290","5,310",$18.46,"$38,389",8,None,ST OJT
47-2071,"Paving, Surfacing, and Tamping Equipment Operators","4,800","5,800","1,000",20.8%,2.1%,100,110,220,$26.72,"$55,576",7,None,MT OJT
47-2073,Operating Engineers and Other Construction Equipment Operators,"25,800","29,800","4,000",15.5%,1.6%,400,430,830,$31.14,"$64,775",7,None,MT OJT
47-2081,Drywall and Ceiling Tile Installers,"24,900","33,100","8,200",32.9%,3.3%,830,150,980,$24.80,"$51,592",8,None,MT OJT
47-2082,Tapers,"6,000","8,100","2,100",35.0%,3.5%,210,40,250,$25.76,"$53,574",8,None,MT OJT
47-2111,Electricians,"58,400","77,400","19,000",32.5%,3.3%,"1,900",890,"2,790",$30.65,"$63,758",7,None,APP
47-2121,Glaziers,"5,800","7,700","1,900",32.8%,3.3%,190,80,280,$26.19,"$54,479",7,None,APP
47-2131,"Insulation Workers, Floor, Ceiling, and Wall","1,500","2,100",600,40.0%,4.0%,50,50,100,$21.17,"$44,040",8,None,ST OJT
47-2132,"Insulation Workers, Mechanical","1,300","1,900",600,46.2%,4.6%,60,40,100,$23.27,"$48,390",7,None,APP
47-2141,"Painters, Construction and Maintenance","53,200","70,300","17,100",32.1%,3.2%,"1,720",850,"2,560",$20.74,"$43,146",8,None,MT OJT
47-2151,Pipelayers,"3,500","3,800",300,8.6%,0.9%,30,50,70,$25.81,"$53,676",8,None,ST OJT
47-2152,"Plumbers, Pipefitters, and Steamfitters","40,300","51,900","11,600",28.8%,2.9%,"1,160",530,"1,690",$26.65,"$55,434",7,None,APP
47-2161,Plasterers and Stucco Masons,"9,000","11,500","2,500",27.8%,2.8%,250,40,290,$18.88,"$39,273",8,None,LT OJT
47-2171,Reinforcing Iron and Rebar Workers,"3,800","6,000","2,200",57.9%,5.8%,220,60,280,$25.46,"$52,954",7,None,APP
47-2181,Roofers,"16,400","24,400","8,000",48.8%,4.9%,800,250,"1,050",$24.37,"$50,698",8,None,MT OJT
47-2211,Sheet Metal Workers,"13,000","16,000","3,000",23.1%,2.3%,310,280,590,$27.46,"$57,131",7,None,APP
47-2221,Structural Iron and Steel Workers,"5,800","7,400","1,600",27.6%,2.8%,160,100,250,$32.21,"$66,990",7,None,APP
47-2231,Solar Photovoltaic Installers,"2,900","4,200","1,300",44.8%,4.5%,140,40,180,$20.24,"$42,099",7,None,MT OJT
47-3000,"Helpers, Construction Trades","17,900","24,400","6,500",36.3%,3.6%,660,230,880,N/A,N/A,,,
47-3011,"Helpers--Brickmasons, Blockmasons, Stonemasons, and Tile and Marble Setters","3,100","4,600","1,500",48.4%,4.8%,160,40,190,$15.55,"$32,352",8,None,ST OJT
47-3012,Helpers--Carpenters,"2,600","3,500",900,34.6%,3.5%,80,30,110,$15.83,"$32,921",8,None,ST OJT
47-3013,Helpers--Electricians,"4,500","6,200","1,700",37.8%,3.8%,170,60,220,$16.19,"$33,673",7,None,ST OJT
47-3014,"Helpers--Painters, Paperhangers, Plasterers, and Stucco Masons","2,000","2,700",700,35.0%,3.5%,80,20,100,$13.94,"$29,008",8,None,ST OJT
47-3015,"Helpers--Pipelayers, Plumbers, Pipefitters, and Steamfitters","3,000","3,900",900,30.0%,3.0%,90,40,130,$14.75,"$30,675",7,None,ST OJT
47-3019,"Helpers, Construction Trades, All Other","2,300","2,900",600,26.1%,2.6%,70,30,90,$15.06,"$31,325",8,None,ST OJT
47-4000,Other Construction and Related Workers,"29,700","34,700","5,000",16.8%,1.7%,490,710,"1,200",N/A,N/A,,,
47-4011,Construction and Building Inspectors,"10,700","12,000","1,300",12.1%,1.2%,140,300,440,$40.20,"$83,609",7,?5 years,MT OJT
47-4021,Elevator Installers and Repairers,"1,600","2,200",600,37.5%,3.8%,50,30,80,$46.68,"$97,106",7,None,APP
47-4031,Fence Erectors,"3,600","4,500",900,25.0%,2.5%,80,70,150,$17.38,"$36,153",8,None,MT OJT
47-4041,Hazardous Materials Removal Workers,"4,700","5,600",900,19.1%,1.9%,90,110,190,$18.95,"$39,406",7,None,MT OJT
47-4051,Highway Maintenance Workers,"4,600","5,100",500,10.9%,1.1%,40,120,170,$23.65,"$49,183",7,None,MT OJT
47-4071,Septic Tank Servicers and Sewer Pipe Cleaners,"1,500","1,800",300,20.0%,2.0%,30,40,70,$22.87,"$47,567",8,None,MT OJT
47-4099,"Construction and Related Workers, All Other","2,600","3,200",600,23.1%,2.3%,60,40,100,$21.82,"$45,392",7,None,MT OJT
47-5000,Extraction Workers,"13,700","13,400",-300,-2.2%,-0.2%,20,340,360,N/A,N/A,,,
47-5011,"Derrick Operators, Oil and Gas","1,200","1,200",0,0.0%,0.0%,0,40,40,$27.20,"$56,572",8,None,ST OJT
47-5013,"Service Unit Operators, Oil, Gas, and Mining","2,900","2,800",-100,-3.4%,-0.3%,0,100,100,$26.89,"$55,942",8,None,MT OJT
47-5021,"Earth Drillers, Except Oil and Gas","1,800","2,000",200,11.1%,1.1%,20,40,60,$29.47,"$61,289",7,None,MT OJT
47-5071,"Roustabouts, Oil and Gas","4,500","4,400",-100,-2.2%,-0.2%,0,90,90,$18.23,"$37,922",8,None,MT OJT
49-0000,"Installation, Maintenance, and Repair Occupations","517,500","582,000","64,500",12.5%,1.2%,"6,570","11,820","18,400",$22.84,"$47,503",,,
49-1000,"Supervisors of Installation, Maintenance, and Repair Workers","38,500","42,800","4,300",11.2%,1.1%,430,770,"1,190",N/A,N/A,,,
49-1011,"First-Line Supervisors of Mechanics, Installers, and Repairers","38,500","42,800","4,300",11.2%,1.1%,430,770,"1,190",$34.73,"$72,250",7,<5 years,None
49-2000,"Electrical and Electronic Equipment Mechanics, Installers, and Repairers","70,100","74,400","4,300",6.1%,0.6%,510,"1,040","1,560",N/A,N/A,,,
49-2011,"Computer, Automated Teller, and Office Machine Repairers","12,800","13,300",500,3.9%,0.4%,50,250,300,$19.43,"$40,413",6,None,ST OJT
49-2021,"Radio, Cellular, and Tower Equipment Installers and Repairers","1,900","2,200",300,15.8%,1.6%,30,20,50,$27.54,"$57,283",4,None,MT OJT
49-2022,"Telecommunications Equipment Installers and Repairers, Except Line Installers","29,500","30,500","1,000",3.4%,0.3%,90,270,360,$29.07,"$60,458",5,None,MT OJT
49-2091,Avionics Technicians,"1,900","2,100",200,10.5%,1.1%,20,30,50,$34.14,"$71,027",4,None,None
49-2092,"Electric Motor, Power Tool, and Related Repairers","1,600","1,700",100,6.3%,0.6%,10,40,60,$25.14,"$52,297",5,None,LT OJT
49-2093,"Electrical and Electronics Installers and Repairers, Transportation Equipment","2,100","2,300",200,9.5%,1.0%,20,40,60,$32.60,"$67,801",5,None,LT OJT
49-2094,"Electrical and Electronics Repairers, Commercial and Industrial Equipment","6,300","6,800",500,7.9%,0.8%,40,110,150,$28.64,"$59,578",5,None,LT OJT
49-2095,"Electrical and Electronics Repairers, Powerhouse, Substation, and Relay","1,900","2,000",100,5.3%,0.5%,20,30,50,$41.01,"$85,297",5,None,LT OJT
49-2096,"Electronic Equipment Installers and Repairers, Motor Vehicles","2,100","1,300",-800,-38.1%,-3.8%,0,40,40,$14.10,"$29,319",5,None,ST OJT
49-2097,Electronic Home Entertainment Equipment Installers and Repairers,"2,600","2,700",100,3.8%,0.4%,10,40,50,$19.49,"$40,535",5,None,ST OJT
49-2098,Security and Fire Alarm Systems Installers,"7,400","9,600","2,200",29.7%,3.0%,220,180,400,$23.16,"$48,170",7,None,MT OJT
49-3000,"Vehicle and Mobile Equipment Mechanics, Installers, and Repairers","153,300","170,000","16,700",10.9%,1.1%,"1,670","3,800","5,460",N/A,N/A,,,
49-3011,Aircraft Mechanics and Service Technicians,"13,200","14,900","1,700",12.9%,1.3%,170,310,490,$31.14,"$64,767",5,None,None
49-3021,Automotive Body and Related Repairers,"13,700","14,900","1,200",8.8%,0.9%,120,320,440,$19.58,"$40,717",7,None,LT OJT
49-3022,Automotive Glass Installers and Repairers,"1,400","1,500",100,7.1%,0.7%,10,20,30,$17.85,"$37,116",7,None,MT OJT
49-3023,Automotive Service Technicians and Mechanics,"69,200","75,100","5,900",8.5%,0.9%,580,"1,850","2,440",$19.77,"$41,131",5,None,ST OJT
49-3031,Bus and Truck Mechanics and Diesel Engine Specialists,"22,100","26,800","4,700",21.3%,2.1%,470,380,850,$25.10,"$52,206",7,None,LT OJT
49-3041,Farm Equipment Mechanics and Service Technicians,"4,000","4,500",500,12.5%,1.3%,50,90,140,$18.67,"$38,826",7,None,LT OJT
49-3042,"Mobile Heavy Equipment Mechanics, Except Engines","10,700","11,700","1,000",9.3%,0.9%,100,250,350,$27.74,"$57,707",7,None,LT OJT
49-3043,Rail Car Repairers,"1,200","1,400",200,16.7%,1.7%,20,30,50,$27.31,"$56,797",7,None,LT OJT
49-3051,Motorboat Mechanics and Service Technicians,"1,200","1,300",100,8.3%,0.8%,10,20,30,$18.50,"$38,482",7,None,LT OJT
49-3052,Motorcycle Mechanics,"1,400","1,600",200,14.3%,1.4%,20,30,40,$20.40,"$42,436",5,None,ST OJT
49-3053,Outdoor Power Equipment and Other Small Engine Mechanics,"2,300","2,500",200,8.7%,0.9%,20,50,70,$17.67,"$36,752",7,None,MT OJT
49-3091,Bicycle Repairers,"2,000","2,100",100,5.0%,0.5%,20,70,80,$15.44,"$32,120",7,None,MT OJT
49-3092,Recreational Vehicle Service Technicians,"1,000","1,100",100,10.0%,1.0%,10,30,50,$19.07,"$39,675",7,None,LT OJT
49-3093,Tire Repairers and Changers,"10,100","10,800",700,6.9%,0.7%,80,340,420,$12.52,"$26,042",7,None,ST OJT
49-9000,"Other Installation, Maintenance, and Repair Occupations","255,600","294,800","39,200",15.3%,1.5%,"3,970","6,220","10,180",N/A,N/A,,,
49-9011,Mechanical Door Repairers,"1,500","2,000",500,33.3%,3.3%,50,60,110,$19.85,"$41,293",7,None,MT OJT
49-9012,"Control and Valve Installers and Repairers, Except Mechanical Door","3,200","3,500",300,9.4%,0.9%,30,130,160,$33.75,"$70,197",7,None,MT OJT
49-9021,"Heating, Air Conditioning, and Refrigeration Mechanics and Installers","22,300","29,400","7,100",31.8%,3.2%,710,340,"1,050",$24.86,"$51,700",5,None,LT OJT
49-9031,Home Appliance Repairers,"4,100","4,000",-100,-2.4%,-0.2%,0,110,110,$19.37,"$40,282",7,None,MT OJT
49-9041,Industrial Machinery Mechanics,"24,400","30,600","6,200",25.4%,2.5%,620,630,"1,250",$27.52,"$57,242",7,None,LT OJT
49-9043,"Maintenance Workers, Machinery","7,800","9,200","1,400",17.9%,1.8%,140,130,260,$19.44,"$40,434",7,None,MT OJT
49-9044,Millwrights,"2,200","2,900",700,31.8%,3.2%,70,40,110,$27.74,"$57,697",7,None,APP
49-9051,Electrical Power-Line Installers and Repairers,"6,800","8,000","1,200",17.6%,1.8%,120,270,390,$50.80,"$105,675",7,None,LT OJT
49-9052,Telecommunications Line Installers and Repairers,"12,500","13,400",900,7.2%,0.7%,80,230,310,$31.84,"$66,223",7,None,LT OJT
49-9062,Medical Equipment Repairers,"3,900","4,100",200,5.1%,0.5%,20,70,90,$24.14,"$50,213",4,None,MT OJT
49-9069,"Precision Instrument and Equipment Repairers, All Other","1,600","1,700",100,6.3%,0.6%,10,30,40,$31.77,"$66,061",7,None,LT OJT
49-9071,"Maintenance and Repair Workers, General","120,500","135,500","15,000",12.4%,1.2%,"1,500","3,160","4,660",$19.47,"$40,484",7,None,LT OJT
49-9091,"Coin, Vending, and Amusement Machine Servicers and Repairers","2,900","2,800",-100,-3.4%,-0.3%,0,40,40,$15.48,"$32,211",7,None,ST OJT
49-9094,Locksmiths and Safe Repairers,"2,900","2,800",-100,-3.4%,-0.3%,0,150,150,$23.99,"$49,890",7,None,LT OJT
49-9096,Riggers,"1,000","1,200",200,20.0%,2.0%,10,30,40,$25.64,"$53,328",7,None,ST OJT
49-9098,"Helpers--Installation, Maintenance, and Repair Workers","13,300","15,200","1,900",14.3%,1.4%,190,430,620,$13.93,"$28,965",7,None,ST OJT
49-9099,"Installation, Maintenance, and Repair Workers, All Other","21,000","23,500","2,500",11.9%,1.2%,250,320,570,$17.97,"$37,379",7,None,MT OJT
51-0000,Production Occupations,"879,800","914,100","34,300",3.9%,0.4%,"6,060","19,580","25,650",$14.70,"$30,582",,,
51-1000,Supervisors of Production Workers,"54,400","57,000","2,600",4.8%,0.5%,260,860,"1,120",N/A,N/A,,,
51-1011,First-Line Supervisors of Production and Operating Workers,"54,400","57,000","2,600",4.8%,0.5%,260,860,"1,120",$27.08,"$56,315",7,<5 years,None
51-2000,Assemblers and Fabricators,"151,100","159,900","8,800",5.8%,0.6%,880,"2,870","3,750",N/A,N/A,,,
51-2011,"Aircraft Structure, Surfaces, Rigging, and Systems Assemblers","2,900","3,000",100,3.4%,0.3%,10,60,70,$22.59,"$46,995",7,None,MT OJT
51-2021,"Coil Winders, Tapers, and Finishers","1,200","1,200",0,0.0%,0.0%,0,20,20,$12.13,"$25,223",7,None,MT OJT
51-2022,Electrical and Electronic Equipment Assemblers,"29,300","30,000",700,2.4%,0.2%,70,360,430,$15.87,"$33,021",7,None,MT OJT
51-2023,Electromechanical Equipment Assemblers,"6,200","6,100",-100,-1.6%,-0.2%,0,80,80,$14.24,"$29,612",7,None,MT OJT
51-2031,Engine and Other Machine Assemblers,"1,900","2,100",200,10.5%,1.1%,20,40,60,$21.09,"$43,872",7,None,MT OJT
51-2041,Structural Metal Fabricators and Fitters,"6,700","7,600",900,13.4%,1.3%,100,110,210,$18.57,"$38,615",7,None,MT OJT
51-2091,Fiberglass Laminators and Fabricators,"1,200","1,300",100,8.3%,0.8%,10,30,30,$14.56,"$30,275",7,None,MT OJT
51-2092,Team Assemblers,"80,200","84,500","4,300",5.4%,0.5%,430,"1,720","2,150",$13.14,"$27,315",7,None,MT OJT
51-2099,"Assemblers and Fabricators, All Other","21,500","24,100","2,600",12.1%,1.2%,260,460,720,$13.45,"$27,979",7,None,MT OJT
51-3000,Food Processing Workers,"90,200","101,700","11,500",12.7%,1.3%,"1,150","1,880","3,030",N/A,N/A,,,
51-3011,Bakers,"31,300","36,700","5,400",17.3%,1.7%,540,680,"1,230",$12.51,"$26,019",8,None,LT OJT
51-3021,Butchers and Meat Cutters,"20,500","23,300","2,800",13.7%,1.4%,280,410,690,$13.16,"$27,366",8,None,LT OJT
51-3022,"Meat, Poultry, and Fish Cutters and Trimmers","8,000","8,800",800,10.0%,1.0%,90,160,240,$10.90,"$22,671",8,None,ST OJT
51-3023,Slaughterers and Meat Packers,"5,300","5,600",300,5.7%,0.6%,40,100,140,$11.76,"$24,457",8,None,ST OJT
51-3091,"Food and Tobacco Roasting, Baking, and Drying Machine Operators and Tenders","2,600","2,800",200,7.7%,0.8%,20,50,70,$12.69,"$26,397",8,None,MT OJT
51-3092,Food Batchmakers,"14,800","16,000","1,200",8.1%,0.8%,120,320,440,$11.85,"$24,641",7,None,MT OJT
51-3093,Food Cooking Machine Operators and Tenders,"3,600","4,100",500,13.9%,1.4%,40,80,120,$12.02,"$25,008",7,None,MT OJT
51-3099,"Food Processing Workers, All Other","4,200","4,400",200,4.8%,0.5%,20,90,110,$10.64,"$22,130",8,None,MT OJT
51-4000,Metal Workers and Plastic Workers,"147,100","150,400","3,300",2.2%,0.2%,"1,320","3,690","5,010",N/A,N/A,,,
51-4011,"Computer-Controlled Machine Tool Operators, Metal and Plastic","10,400","13,100","2,700",26.0%,2.6%,270,320,590,$18.27,"$38,002",7,None,MT OJT
51-4012,"Computer Numerically Controlled Machine Tool Programmers, Metal and Plastic","2,500","3,300",800,32.0%,3.2%,80,80,150,$28.58,"$59,459",7,None,LT OJT
51-4021,"Extruding and Drawing Machine Setters, Operators, and Tenders, Metal and Plastic","3,900","3,100",-800,-20.5%,-2.1%,0,100,100,$14.95,"$31,102",7,None,MT OJT
51-4022,"Forging Machine Setters, Operators, and Tenders, Metal and Plastic","1,700","1,500",-200,-11.8%,-1.2%,0,40,40,$17.37,"$36,134",7,None,MT OJT
51-4023,"Rolling Machine Setters, Operators, and Tenders, Metal and Plastic","2,200","1,900",-300,-13.6%,-1.4%,0,50,50,$14.84,"$30,878",7,None,MT OJT
51-4031,"Cutting, Punching, and Press Machine Setters, Operators, and Tenders, Metal and Plastic","13,000","10,900","-2,100",-16.2%,-1.6%,0,160,160,$14.72,"$30,612",7,None,MT OJT
51-4032,"Drilling and Boring Machine Tool Setters, Operators, and Tenders, Metal and Plastic","1,900","1,600",-300,-15.8%,-1.6%,0,30,30,$14.71,"$30,602",7,None,MT OJT
51-4033,"Grinding, Lapping, Polishing, and Buffing Machine Tool Setters, Operators, and Tenders, Metal and Plastic","8,000","6,900","-1,100",-13.8%,-1.4%,0,340,340,$14.57,"$30,306",7,None,MT OJT
51-4034,"Lathe and Turning Machine Tool Setters, Operators, and Tenders, Metal and Plastic","5,000","4,300",-700,-14.0%,-1.4%,0,120,120,$17.21,"$35,787",7,None,MT OJT
51-4035,"Milling and Planing Machine Setters, Operators, and Tenders, Metal and Plastic","2,900","2,500",-400,-13.8%,-1.4%,0,50,50,$18.11,"$37,666",7,None,MT OJT
51-4041,Machinists,"33,800","40,200","6,400",18.9%,1.9%,640,980,"1,620",$19.55,"$40,667",7,None,LT OJT
51-4072,"Molding, Coremaking, and Casting Machine Setters, Operators, and Tenders, Metal and Plastic","8,300","6,500","-1,800",-21.7%,-2.2%,0,120,120,$13.51,"$28,101",7,None,MT OJT
51-4081,"Multiple Machine Tool Setters, Operators, and Tenders, Metal and Plastic","5,500","5,800",300,5.5%,0.5%,30,100,130,$17.10,"$35,563",7,None,MT OJT
51-4111,Tool and Die Makers,"3,300","3,100",-200,-6.1%,-0.6%,0,20,20,$26.11,"$54,314",7,None,LT OJT
51-4121,"Welders, Cutters, Solderers, and Brazers","28,400","31,400","3,000",10.6%,1.1%,300,820,"1,110",$18.99,"$39,493",7,None,MT OJT
51-4122,"Welding, Soldering, and Brazing Machine Setters, Operators, and Tenders","3,200","2,800",-400,-12.5%,-1.3%,0,90,90,$17.54,"$36,471",7,None,MT OJT
51-4191,"Heat Treating Equipment Setters, Operators, and Tenders, Metal and Plastic","1,300","1,100",-200,-15.4%,-1.5%,0,20,20,$17.48,"$36,349",7,None,MT OJT
51-4193,"Plating and Coating Machine Setters, Operators, and Tenders, Metal and Plastic","4,100","3,500",-600,-14.6%,-1.5%,0,100,100,$14.54,"$30,235",7,None,MT OJT
51-4194,"Tool Grinders, Filers, and Sharpeners","1,200","1,000",-200,-16.7%,-1.7%,0,30,30,$15.68,"$32,613",7,None,MT OJT
51-4199,"Metal Workers and Plastic Workers, All Other","3,100","2,900",-200,-6.5%,-0.6%,0,50,50,$14.91,"$31,031",7,None,MT OJT
51-5100,Printing Workers,"24,500","21,300","-3,200",-13.1%,-1.3%,0,370,370,N/A,N/A,,,
51-5111,Prepress Technicians and Workers,"3,800","2,800","-1,000",-26.3%,-2.6%,0,60,60,$20.75,"$43,167",5,None,None
51-5112,Printing Press Operators,"16,100","14,400","-1,700",-10.6%,-1.1%,0,240,240,$16.43,"$34,175",7,None,MT OJT
51-5113,Print Binding and Finishing Workers,"4,600","4,000",-600,-13.0%,-1.3%,0,70,70,$14.31,"$29,755",7,None,ST OJT
51-6000,"Textile, Apparel, and Furnishings Workers","85,100","75,800","-9,300",-10.9%,-1.1%,50,"1,170","1,220",N/A,N/A,,,
51-6011,Laundry and Dry-Cleaning Workers,"19,000","19,500",500,2.6%,0.3%,40,270,320,$11.60,"$24,130",8,None,ST OJT
51-6021,"Pressers, Textile, Garment, and Related Materials","6,700","6,200",-500,-7.5%,-0.7%,0,160,160,$10.83,"$22,518",8,None,ST OJT
51-6031,Sewing Machine Operators,"34,100","27,000","-7,100",-20.8%,-2.1%,0,210,210,$9.80,"$20,384",8,None,ST OJT
51-6051,"Sewers, Hand","2,800","2,500",-300,-10.7%,-1.1%,0,90,90,$11.16,"$23,212",8,None,MT OJT
51-6052,"Tailors, Dressmakers, and Custom Sewers","4,400","4,100",-300,-6.8%,-0.7%,0,150,150,$14.33,"$29,806",8,None,MT OJT
51-6061,Textile Bleaching and Dyeing Machine Operators and Tenders,"2,600","2,400",-200,-7.7%,-0.8%,0,30,30,$11.35,"$23,610",7,None,ST OJT
51-6062,"Textile Cutting Machine Setters, Operators, and Tenders","2,800","2,300",-500,-17.9%,-1.8%,0,50,50,$11.54,"$24,018",7,None,MT OJT
51-6063,"Textile Knitting and Weaving Machine Setters, Operators, and Tenders","1,700","1,400",-300,-17.6%,-1.8%,0,30,30,$10.33,"$21,477",7,None,ST OJT
51-6091,"Extruding and Forming Machine Setters, Operators, and Tenders, Synthetic and Glass Fibers","1,400","1,300",-100,-7.1%,-0.7%,0,10,10,$15.44,"$32,123",7,None,MT OJT
51-6092,Fabric and Apparel Patternmakers,"1,700","1,500",-200,-11.8%,-1.2%,0,20,20,$23.98,"$49,874",7,None,MT OJT
51-6093,Upholsterers,"5,000","5,000",0,0.0%,0.0%,10,130,140,$15.04,"$31,286",7,None,MT OJT
51-6099,"Textile, Apparel, and Furnishings Workers, All Other","1,700","1,400",-300,-17.6%,-1.8%,0,20,20,$10.17,"$21,150",7,None,ST OJT
51-7000,Woodworkers,"20,400","22,900","2,500",12.3%,1.2%,260,310,570,N/A,N/A,,,
51-7011,Cabinetmakers and Bench Carpenters,"10,300","12,000","1,700",16.5%,1.7%,170,80,250,$15.68,"$32,613",7,None,MT OJT
51-7021,Furniture Finishers,"1,400","1,400",0,0.0%,0.0%,10,20,30,$12.94,"$26,927",7,None,ST OJT
51-7041,"Sawing Machine Setters, Operators, and Tenders, Wood","3,800","4,100",300,7.9%,0.8%,30,110,140,$12.26,"$25,488",7,None,ST OJT
51-7042,"Woodworking Machine Setters, Operators, and Tenders, Except Sawing","3,700","4,100",400,10.8%,1.1%,40,60,100,$13.31,"$27,672",7,None,ST OJT
51-7099,"Woodworkers, All Other","1,000","1,100",100,10.0%,1.0%,10,20,30,$12.74,"$26,499",7,None,MT OJT
51-8000,Plant and System Operators,"29,200","30,700","1,500",5.1%,0.5%,200,910,"1,100",N/A,N/A,,,
51-8012,Power Distributors and Dispatchers,"1,300","1,400",100,7.7%,0.8%,10,40,60,$38.50,"$80,088",7,None,LT OJT
51-8013,Power Plant Operators,"3,500","3,900",400,11.4%,1.1%,40,120,160,$41.71,"$86,753",7,None,LT OJT
51-8021,Stationary Engineers and Boiler Operators,"4,000","4,400",400,10.0%,1.0%,30,110,140,$36.51,"$75,944",7,None,LT OJT
51-8031,Water and Wastewater Treatment Plant and System Operators,"11,100","12,000",900,8.1%,0.8%,90,280,370,$31.30,"$65,093",7,None,LT OJT
51-8091,Chemical Plant and System Operators,"1,400","1,300",-100,-7.1%,-0.7%,0,50,50,$26.35,"$54,794",7,None,LT OJT
51-8092,Gas Plant Operators,"2,100","2,300",200,9.5%,1.0%,20,80,100,$38.11,"$79,271",7,None,LT OJT
51-8093,"Petroleum Pump System Operators, Refinery Operators, and Gaugers","4,500","4,200",-300,-6.7%,-0.7%,0,170,170,$38.99,"$81,098",7,None,LT OJT
51-9000,Other Production Occupations,"277,800","294,400","16,600",6.0%,0.6%,"1,950","7,530","9,480",N/A,N/A,,,
51-9011,Chemical Equipment Operators and Tenders,"2,800","3,000",200,7.1%,0.7%,20,90,110,$18.80,"$39,105",7,None,MT OJT
51-9012,"Separating, Filtering, Clarifying, Precipitating, and Still Machine Setters, Operators, and Tenders","7,900","9,600","1,700",21.5%,2.2%,170,250,420,$18.48,"$38,421",7,None,MT OJT
51-9021,"Crushing, Grinding, and Polishing Machine Setters, Operators, and Tenders","2,400","2,300",-100,-4.2%,-0.4%,0,50,50,$14.86,"$30,908",7,None,MT OJT
51-9022,"Grinding and Polishing Workers, Hand","5,600","5,700",100,1.8%,0.2%,10,120,130,$12.50,"$26,009",8,None,MT OJT
51-9023,"Mixing and Blending Machine Setters, Operators, and Tenders","12,600","13,500",900,7.1%,0.7%,90,270,360,$14.60,"$30,357",7,None,MT OJT
51-9031,"Cutters and Trimmers, Hand","3,400","2,800",-600,-17.6%,-1.8%,0,70,70,$12.02,"$25,008",8,None,ST OJT
51-9032,"Cutting and Slicing Machine Setters, Operators, and Tenders","5,600","5,700",100,1.8%,0.2%,0,110,120,$14.56,"$30,275",7,None,ST OJT
51-9041,"Extruding, Forming, Pressing, and Compacting Machine Setters, Operators, and Tenders","4,500","4,200",-300,-6.7%,-0.7%,0,160,160,$13.47,"$28,020",7,None,MT OJT
51-9061,"Inspectors, Testers, Sorters, Samplers, and Weighers","53,600","57,100","3,500",6.5%,0.7%,350,"1,350","1,690",$18.17,"$37,788",7,None,MT OJT
51-9071,Jewelers and Precious Stone and Metal Workers,"4,900","4,600",-300,-6.1%,-0.6%,0,80,80,$16.73,"$34,787",7,None,LT OJT
51-9081,Dental Laboratory Technicians,"5,100","6,000",900,17.6%,1.8%,100,120,220,$17.84,"$37,114",7,None,MT OJT
51-9082,Medical Appliance Technicians,"1,800","2,200",400,22.2%,2.2%,40,40,80,$20.40,"$42,443",7,None,LT OJT
51-9083,Ophthalmic Laboratory Technicians,"2,500","2,700",200,8.0%,0.8%,30,60,80,$15.60,"$32,450",7,None,MT OJT
51-9111,Packaging and Filling Machine Operators and Tenders,"48,000","53,600","5,600",11.7%,1.2%,560,"1,710","2,270",$12.22,"$25,417",7,None,MT OJT
51-9121,"Coating, Painting, and Spraying Machine Setters, Operators, and Tenders","7,100","7,600",500,7.0%,0.7%,50,130,190,$15.37,"$31,970",7,None,MT OJT
51-9122,"Painters, Transportation Equipment","6,800","7,500",700,10.3%,1.0%,70,130,200,$20.35,"$42,341",7,None,MT OJT
51-9123,"Painting, Coating, and Decorating Workers","1,500","1,600",100,6.7%,0.7%,10,30,40,$13.89,"$28,887",8,None,MT OJT
51-9141,Semiconductor Processors,"6,400","6,200",-200,-3.1%,-0.3%,0,130,130,$17.30,"$35,981",4,None,MT OJT
51-9151,Photographic Process Workers and Processing Machine Operators,"3,100","2,300",-800,-25.8%,-2.6%,0,60,60,$14.29,"$29,724",7,None,ST OJT
51-9191,Adhesive Bonding Machine Operators and Tenders,"1,700","1,600",-100,-5.9%,-0.6%,0,40,40,$15.49,"$32,235",7,None,MT OJT
51-9192,"Cleaning, Washing, and Metal Pickling Equipment Operators and Tenders","3,500","3,900",400,11.4%,1.1%,40,90,130,$13.38,"$27,836",8,None,MT OJT
51-9195,"Molders, Shapers, and Casters, Except Metal and Plastic","5,300","5,700",400,7.5%,0.8%,40,180,220,$14.01,"$29,142",7,None,LT OJT
51-9196,"Paper Goods Machine Setters, Operators, and Tenders","6,600","6,100",-500,-7.6%,-0.8%,0,90,90,$15.90,"$33,072",7,None,MT OJT
51-9198,Helpers--Production Workers,"49,700","50,500",800,1.6%,0.2%,80,"1,620","1,700",$11.28,"$23,467",8,None,ST OJT
51-9199,"Production Workers, All Other","23,000","26,000","3,000",13.0%,1.3%,290,470,760,$11.19,"$23,273",7,None,MT OJT
53-0000,Transportation and Material Moving Occupations,"1,037,200","1,189,800","152,600",14.7%,1.5%,"15,270","26,600","41,870",$14.47,"$30,093",,,
53-1000,Supervisors of Transportation and Material Moving Workers,"42,600","48,400","5,800",13.6%,1.4%,580,"1,370","1,950",N/A,N/A,,,
53-1021,"First-Line Supervisors of Helpers, Laborers, and Material Movers, Hand","21,900","25,000","3,100",14.2%,1.4%,310,700,"1,010",$23.51,"$48,909",7,<5 years,None
53-1031,First-Line Supervisors of Transportation and Material-Moving Machine and Vehicle Operators,"19,800","22,400","2,600",13.1%,1.3%,260,640,900,$29.20,"$60,737",7,<5 years,None
53-2000,Air Transportation Workers,"26,000","30,600","4,600",17.7%,1.8%,460,590,"1,050",N/A,N/A,,,
53-2011,"Airline Pilots, Copilots, and Flight Engineers","7,200","8,600","1,400",19.4%,1.9%,140,180,320,[6],"$129,837",3,<5 years,MT OJT
53-2012,Commercial Pilots,"4,300","5,100",800,18.6%,1.9%,80,110,190,[6],"$92,164",7,None,MT OJT
53-2021,Air Traffic Controllers,"2,500","2,500",0,0.0%,0.0%,0,80,80,$66.38,"$138,079",4,None,LT OJT
53-2031,Flight Attendants,"11,500","13,800","2,300",20.0%,2.0%,230,210,440,[6],"$46,036",7,<5 years,MT OJT
53-3000,Motor Vehicle Operators,"360,500","418,100","57,600",16.0%,1.6%,"5,760","6,060","11,820",N/A,N/A,,,
53-3011,"Ambulance Drivers and Attendants, Except Emergency Medical Technicians","2,500","3,100",600,24.0%,2.4%,70,40,110,$11.65,"$24,246",7,None,MT OJT
53-3021,"Bus Drivers, Transit and Intercity","22,400","25,200","2,800",12.5%,1.3%,280,290,570,$19.81,"$41,208",7,None,MT OJT
53-3022,"Bus Drivers, School or Special Client","28,100","33,200","5,100",18.1%,1.8%,500,370,870,$16.75,"$34,830",7,None,ST OJT
53-3031,Driver/Sales Workers,"44,600","52,800","8,200",18.4%,1.8%,820,760,"1,580",$13.21,"$27,475",7,None,ST OJT
53-3032,Heavy and Tractor-Trailer Truck Drivers,"141,800","163,500","21,700",15.3%,1.5%,"2,170","2,410","4,580",$20.58,"$42,797",5,None,ST OJT
53-3033,Light Truck or Delivery Services Drivers,"97,100","110,600","13,500",13.9%,1.4%,"1,360","1,650","3,010",$15.54,"$32,324",7,None,ST OJT
53-3041,Taxi Drivers and Chauffeurs,"17,400","22,200","4,800",27.6%,2.8%,480,330,810,$12.49,"$25,978",8,None,ST OJT
53-3099,"Motor Vehicle Operators, All Other","6,800","7,600",800,11.8%,1.2%,80,210,290,$22.72,"$47,249",8,None,ST OJT
53-4000,Rail Transportation Workers,"8,400","9,000",600,7.1%,0.7%,60,330,390,N/A,N/A,,,
53-4031,Railroad Conductors and Yardmasters,"1,700","1,800",100,5.9%,0.6%,10,60,70,$25.35,"$52,709",7,None,MT OJT
53-5000,Water Transportation Workers,"5,100","5,700",600,11.8%,1.2%,60,160,220,N/A,N/A,,,
53-5011,Sailors and Marine Oilers,"2,100","2,400",300,14.3%,1.4%,20,60,80,$15.84,"$32,936",8,None,MT OJT
53-5021,"Captains, Mates, and Pilots of Water Vessels","2,000","2,300",300,15.0%,1.5%,20,80,100,$31.48,"$65,484",5,<5 years,None
53-6000,Other Transportation Workers,"47,700","53,900","6,200",13.0%,1.3%,630,"2,280","2,910",N/A,N/A,,,
53-6021,Parking Lot Attendants,"28,000","31,700","3,700",13.2%,1.3%,370,"1,560","1,930",$10.79,"$22,432",8,None,ST OJT
53-6031,Automotive and Watercraft Service Attendants,"7,400","8,300",900,12.2%,1.2%,90,300,390,$11.99,"$24,949",8,None,ST OJT
53-6051,Transportation Inspectors,"2,500","2,800",300,12.0%,1.2%,30,60,90,$30.44,"$63,314",7,None,MT OJT
53-6061,"Transportation Attendants, Except Flight Attendants","4,000","4,500",500,12.5%,1.3%,50,70,130,$15.47,"$32,192",7,None,ST OJT
53-6099,"Transportation Workers, All Other","5,500","6,300",800,14.5%,1.5%,90,280,360,$18.12,"$37,703",7,None,ST OJT
53-7000,Material Moving Workers,"546,900","624,000","77,100",14.1%,1.4%,"7,730","15,820","23,540",N/A,N/A,,,
53-7011,Conveyor Operators and Tenders,"2,300","2,600",300,13.0%,1.3%,20,70,90,$16.77,"$34,881",8,None,ST OJT
53-7021,Crane and Tower Operators,"3,800","4,300",500,13.2%,1.3%,50,130,180,$34.04,"$70,792",7,<5 years,MT OJT
53-7032,Excavating and Loading Machine and Dragline Operators,"2,000","2,300",300,15.0%,1.5%,30,20,50,$27.95,"$58,139",7,<5 years,MT OJT
53-7051,Industrial Truck and Tractor Operators,"60,200","69,700","9,500",15.8%,1.6%,950,"1,500","2,450",$17.08,"$35,533",8,None,ST OJT
53-7061,Cleaners of Vehicles and Equipment,"51,100","57,500","6,400",12.5%,1.3%,640,"1,780","2,420",$10.70,"$22,239",8,None,ST OJT
53-7062,"Laborers and Freight, Stock, and Material Movers, Hand","292,400","339,100","46,700",16.0%,1.6%,"4,670","8,700","13,370",$12.30,"$25,570",8,None,ST OJT
53-7063,Machine Feeders and Offbearers,"8,400","8,700",300,3.6%,0.4%,30,180,220,$13.50,"$28,066",8,None,ST OJT
53-7064,"Packers and Packagers, Hand","101,600","112,200","10,600",10.4%,1.0%,"1,070","2,700","3,770",$9.88,"$20,558",8,None,ST OJT
53-7072,"Pump Operators, Except Wellhead Pumpers","1,400","1,500",100,7.1%,0.7%,10,70,90,$23.71,"$49,307",7,None,MT OJT
53-7081,Refuse and Recyclable Material Collectors,"15,400","16,800","1,400",9.1%,0.9%,150,390,530,$22.55,"$46,912",8,None,ST OJT
53-7199,"Material Moving Workers, All Other","6,700","7,700","1,000",14.9%,1.5%,100,210,310,$12.39,"$25,753",8,None,ST OJT
